"SURVEY_YEAR","NUM_MALE_GE25","CV_NUM_MALE_GE25","CI_NUM_MALE_GE25","NUM_MALE_LE94","CV_NUM_MALE_LE94","CI_NUM_MALE_LE94","NUM_MALE_GE95","CV_NUM_MALE_GE95","CI_NUM_MALE_GE95","NUM_MALE_GE78","CV_NUM_MALE_GE78","CI_NUM_MALE_GE78","NUM_MALE_GE102","CV_NUM_MALE_GE102","CI_NUM_MALE_GE102","NUM_MALE_95TO101","CV_NUM_MALE_95TO101","CI_NUM_MALE_95TO101","NUM_MALE_TOTAL","CV_NUM_MALE_TOTAL","CI_NUM_MALE_TOTAL","NUM_FEMALE_IMMATURE","CV_NUM_FEMALE_IMMATURE","CI_NUM_FEMALE_IMMATURE","NUM_FEMALE_MATURE","CV_NUM_FEMALE_MATURE","CI_NUM_FEMALE_MATURE","NUM_FEMALE_TOTAL","CV_NUM_FEMALE_TOTAL","CI_NUM_FEMALE_TOTAL","GTOTAL","CV_GTOTAL","CI_GTOTAL"
1980,2732740559.843797897336933240230533767642,0.1393543057251987580052830127510027185867,746405560.350481912006738042000700650395,2559050107.555484519398784723961755589635,0.1468077770368909843037344164440258881703,736349376.927825429050250494369791645839,194200282.754999473875047427125183990947,0.164434095754701416691640791849894478859,62588969.86464632050930038070795314500049,511758841.673506069083478832390895833805,0.1732072698864541766795631546466447696336,173735089.540783391528696898370417795998,116202990.604225935610435491249362941152,0.1503830672995657360070317732560894197462,34250925.82663438297864529528262524895311,77997292.15077353826461193587582104979566,0.2093388307539309543895855145117197435549,32002609.40399875045236782303850147514214,2753250390.310483993273832151086939580599,0.13946913296981593223410550396655612146,752627151.779404593709557280530830166342,895748213.007843618974117006626716641576,0.2056165210580439921283504303079413830962,360994037.353159803625824784287515550133,4815290814.387673607491391641857285967679,0.3367814194160677433152087409512584755028,3178532931.726441691729524576583239031389,5711039027.395517226465508648484002609249,0.2891428514340394338058694912767600091464,3236559973.703157278692694458220238451346,8464289417.706001219739340799570942189852,0.2234486816928153599677385819307203371265,3707015251.231593326743130970442588958305
1981,1725748046.844845164742223517933246363759,0.1487041484374527529152251197800422869228,502986751.698373643796714274744947122395,1635254996.692028594899639705358008359554,0.1557380660400883229760723216904982280323,499156043.307726820426307201458693979314,90649222.38462281707583358991806237027292,0.1016124391107799520304259999234873309037,18053733.63639419260916085761453676693273,349675758.751578980084353960268636554838,0.0991361535940141541923532115451166946831,67944399.06629194676172541239833182569992,45339195.2385241311916953019791507039574,0.0998269008742953927349198759703101608895,8871099.84364108923484538803770456492321,45310027.14609868588413828793891166631545,0.1173977245649069202570669123142211901153,10425816.41037525222434872147334561885774,1725904219.076651411975473295276070729823,0.1486901013807843862376446233666580603665,502984751.683740375750799982033748209426,240805814.989283301388630487297012554341,0.2566908298011279585390829537577130248891,121152783.162250614323377726456329975451,2675503643.661061683515340417634043708614,0.1562798286202763949724811074944735506943,819529411.772380499445058207906148613991,2916309458.650344984903970904931056262954,0.1496041184457260287877247611802305980183,855132135.125582036541855946858706838122,4642213677.726996396879444200207126992792,0.1295207465933841829559823220074644924819,1178475443.515031842739384253205695626952
1982,2076694709.942907311587547869912730948476,0.1115430402060218597736665832783153656602,454016049.3925174440226593224341721142,1920492713.449534264611025508676555694793,0.1152953294716387275322103316699946829856,433990726.684289214380989995644168877807,157070489.889665826006982110622588921074,0.1400221605833657623427220162991042007541,43106964.74214788475495459041263220061694,660342775.459074971074114980626064320006,0.1218709277747771879458086186107337675638,157734109.921354918438113884487003821976,70615831.86735234711041836131418260587601,0.1375880667788908022462056966401378341008,19043155.74959991183129966031568622322739,86454658.02231347889656374930840631519783,0.1497175652988116961242921433066235254916,25369810.57937061934798846355656785373793,2077563203.339200090618007619299144615871,0.111481125622089959659478078779932875694,453953805.54020642443269308513060693063,80335637.34194033019663160595067259998317,0.2781642355478568144055451374143162090498,43799142.25100255577548850981322433127837,3712126520.119541670833200601649731811389,0.1593498143001637221863630867592324619627,1159392276.413933395575892716539332004547,3792462157.461482001029832207600404411373,0.1561961465575147331922378493250861782484,1161041230.922937033341328385029379495628,5870025360.800682091647839826899549027252,0.116222904232315470918946849273695902702,1337173534.885217457990447776354087378443
1983,2496356151.966924322326207865873553213537,0.0922217800384012342917154630573887037695,451228079.57063870241102893437878588398,2317558964.465840893756066038378039952812,0.1035364061453977954907021052824957366772,470305383.373251966910342056127381282027,240339007.668667426105910323531384248265,0.106786172777780341703265284085372452329,50303170.28436732479684163739580048276048,843008074.671542877094239035523813408098,0.0890192341709997529114001518814809744982,147086109.086170253136939238757791331746,107502094.76034612483879039746372782641,0.1153275349384758094740677359242723212397,24299985.1152889837303957143860235562422,132836912.908321301267119926067656421855,0.1077427690859384107567878233662573075825,28051944.99379753971774808510153830750553,2557897972.134508319861976361909424201039,0.0955700073596361616978678642390647853035,479138322.923303012616604058449399864502,200449728.56431607571050073407749684853,0.3720024714243472980932812620336012693285,146152877.067639720085891866516273559136,3206189920.12776936610838816041593637944,0.1607244963452239277349435166255952498986,1010013989.795352149954898949457724483012,3406639648.692085441818888894493433227972,0.1547390013997298264390700001990542683116,1033194434.039985877436246797740146077047,5964537620.826593761680865256402857429021,0.1099315537161095042572416319790670808161,1285154140.197083162403158299446171323461
1984,2429711284.046070873287887166456875924078,0.1267334948585180361345266843936669276902,603534572.947698518245212737974262136868,2183129121.645131784209236102105600422884,0.1578909506554117295190484460091836664902,675604811.54332515318306329568558144358,384375382.410628855792495534849488145844,0.0999705164857217287749624021585886712572,75315362.78781523704854284963942584004363,827577798.160344015512275517805999458009,0.0798929121599149118863864120930417817356,129590496.654483507706260311943205738056,227084819.4899919429251799859128436773,0.1093998940246156141765390182546341304316,48692388.16613600644081544442594420037482,157290562.920636912867315548936644468544,0.0997872348809758702598440822756945616592,30763357.07957611882775469795248569891357,2567504504.055760640001731636955088568733,0.1344688696772602694518049910694899163276,676688879.961239563325301749558251035702,980785639.760643206510581492248271864347,0.2460701679610706466152191606891646051117,473030490.735026901584347808260379145356,1399609435.622159654707564213842731683047,0.1491595681142141201205938741254680116018,409179672.334121398829539756629003422341,2380395075.382802861218145706091003547387,0.1373534260120308223429033480795110560133,640832620.977348915668384045756518143037,4947899579.438563501219877343046092116148,0.1239320831154606726857882535409865827202,1201878863.77482859975300924090724089288
1985,919042064.840311396082906991128362846365,0.0802601772953951897732409773094490065271,144574458.969378570094139441871645562236,745059821.077059403594241276194764083792,0.0977897989543129885009610169507961334226,142804130.219641610112021535762984484493,183730008.11829227197715850601280033704,0.0824889615326517089097014555390518194347,29705167.2412446509273767659764467314298,354550328.151869779274247838756368297864,0.0732513729571232587132455288481759441774,50903744.70626518026525819431949990935105,126150992.722020769020005940033570609132,0.0870107282540876766389371070646240795818,21513919.90356951712436919854866726110395,57579015.39627150295715256597922972790668,0.0846677120654918795132121664445416129052,9555163.65330863727301047297084612616671,928789829.195351675571399782207564420832,0.0801308298687873840727786594253324860719,145872411.582741124789411286187246842764,269158327.651516339440380921695223671253,0.1589542965299468580389281072759534438371,83856390.34896649731946537288384156616872,197861733.832620657945537301836507455559,0.1449066571539157602025126098578811749439,56196105.55959127668893209925565960345929,467020061.484136997385918223531731126815,0.1214780907873143812654947291694197568295,111196102.639795591433996611100781090608,1395809890.679488672957318005739295547652,0.0881637137040902987053295174362573738924,241197175.830919873738919354936642449132
1986,2103295692.507531479365477965166288852032,0.1451114912529312589397045509474264899428,598216253.991843912291953858992132478198,1923958153.951481344222880180006459699146,0.1593389099218409721958000984355738756182,600860334.172298401592995256501814214747,186267719.001675752328209858662045078349,0.0947500958754013592889932195191278878775,34591813.09844615031212221832239610884564,374659715.922442868285029002526064455634,0.0739941142057971497163956051647404289467,54336323.06422243863333477799418838349695,128089304.730817595929369584102378309715,0.1014363828415214503968850166689298172575,25466114.87505585592762199853448309815277,58178414.27085815639884027455966676863314,0.0927950587679881881257984758448657131575,10581391.96773358478155533770159812937234,2110225872.953157096551090038668504777487,0.1446396420495470487177918191772037377086,598235737.218969675121421327376411827964,1171334793.298174591383395846241640873804,0.2234326244230769751083395222737114915549,512960237.611560147319300959857465966066,496031394.022858115177128795718369720884,0.1440648817693341020741685037597596017639,140062980.102210824217539912377080996033,1667366187.321032706560524641960010594688,0.1709565755265480640558618537841801831179,558692538.52499480536601479025610422199,3782194086.60401987892640029684423749687,0.1435104240061570259842316769690534850243,1063857183.002560453187658042124418350736
1987,7460634186.092212694086974991775740775369,0.1245087555460024865359819738308742630038,1820671985.064836887576224010042514406212,7053266106.164393744619201766893863631696,0.1314478476024541874979092427814801177464,1817187830.516399266493096677274232916917,411474788.230641996781270064617999233962,0.0946120501172548700089357618120975573985,76303727.64068609647751501451254055241651,930079491.43856268723785575727686520024,0.0813741425752217989077069226921428169501,148341465.439518309856114177751629979922,251536837.786522339212147435187630809852,0.0954387978496214142676539617347455843903,47052491.88995220070811842627586619958599,159937950.444119657569122629430368424111,0.101951938302711737060246165513089044305,31959728.74964446700397236639619546897129,7464740894.395035741400471831511862865636,0.1244357220167915605892490721774444890785,1820605628.810140682428175009595386381941,5302659278.221557008012993927046899343782,0.1601236540725233982616037573109529922769,1664199112.663594192729900411382922928173,3994382249.204032987811680023308038680806,0.1329185861824762085636549272563878319131,1040618176.823695660506959876548700592042,9297041527.4255899958246739503549380246,0.1112946408865660542561159845922787197515,2028033360.280552273651820567019024515885,16761782421.8206257372251457818668008903,0.1089036269209228750725269444084032460881,3577821042.815447586287234176117164960019
1988,6848346686.254225349726618062258478789181,0.0808132539017398309819749207736981941274,1084736871.944266584995634774633927761504,6351418378.719953957793205046526852343701,0.0874467832830943764752943817185877040307,1088605768.748205456062184789661898577397,499365611.753786711300273487984697273613,0.1320251364778873951714706693176186819654,129220473.566548544206727368733049294984,1180617860.082856124138391755930029014225,0.0959869986019189802938620229586518131549,222114971.174940430596317423760423177445,325554151.747820972572434933035394486973,0.1525332225812168424115629274823339374718,97329334.82594765625544125167590584515474,173811460.005965738727838554949302786637,0.1066967941250990865441249396856951262512,36348446.10708526334454810079386794560311,6850783990.473740669093478534511549617308,0.0807817359990696085411381545156460723439,1084699718.462000552593779866582215351985,1684518068.836468826635352406657254508653,0.138233903261291833988935192297801829097,456400715.228099597665334258961181969112,5470222310.275607876924653350137753974657,0.1254848490739025989425513804434207087931,1345402841.171033718750311803350655174358,7154740379.112076703560005756795008483321,0.0997496255434546485300321368788717922429,1398818040.407046228322445366602352949369,14005524369.5858173726534842913065581005,0.0757815440693417961403545827839224258919,2080266113.966895869485532905816611326048
1989,6025340223.540870400190561155152636674244,0.0658740694834073193619500043393791694395,777950813.87153256206495739541244230831,5517912685.210816933508799671852175978737,0.0698648866008635039249395621895301594401,755596354.290411124371646522239523681858,508692574.060055832301812389182075891999,0.0946365136429751885953452438171402212592,94356147.78122469498343773679023905451005,1479610127.98973773654633282084925261554,0.0872222707368363692397483954063055921636,252947712.130232592701719736327762902488,277361321.986164158578881952376873221414,0.0886835739107933530489374291594966829452,48210890.86477647150614942395637514007018,231331252.073891673722930436805202670586,0.1102861539920191478817366228959295437451,50004762.8152001193490052268706868653384,6026605259.270872765810612061034251870721,0.0658484228086759870918830121130818285426,777811204.378379246129005429375678467031,1021441242.551038128667365243488997978984,0.1670461806440400086539402275889388315373,334430602.308088666195776063614496689182,9158960915.882602348842469400677465909124,0.264493796587657667908841843274253757414,4748077157.061929203883335954501166552705,10180402158.4336404775098346441664638881,0.2385089382767777378540220692448910639242,4759109143.675703066695494271779824138335,16207067140.4225652198773112833122406609,0.1540265088223118691468590205406353281295,4892783220.980670196144968074127805969761
1990,5234848156.643007533213486528764793056828,0.0726498919716656730956712140009131680862,745409860.013647854521468568018117152404,4141581456.778203262013371007318763058584,0.0778643925020857211203288264647083916756,632064179.294678456782141815793915579427,1101097393.848952209226348236880195529121,0.1195638011629594255752100004213588089283,258036724.124049531820613552165771184573,2211237584.1346401872944291030082177068,0.1018258260471795455260128003561680055169,441315743.438515656444979099931133620113,603210977.596797035610944764348807628722,0.1192934293044803232176024633017141825998,141039847.978794743595401124079345588706,497886416.252155173615403472531387900397,0.1262647264590527050548063597208621415632,123216364.625282595149387911375702011933,5242678850.627155471239719244198958587709,0.0725049004197997286693583740135398219989,745035019.675515527292282325719673932295,1864820217.226853436082223189312228832305,0.2754341582267330085090579535824889909377,1006724966.081100667900663911892798234371,5923425470.096798604105047658689804804136,0.1630745926177486767684926056304056868578,1893281983.057758482760980199741146545345,7788245687.323652040187270848002033636461,0.1408518062473834935588754469451112445376,2150097406.213545001473826386391697740188,13178049499.3191447183910176016675922522,0.0970354791440815714425439897697811064459,2506327160.807680625576692816719884585533
1991,7206708490.031154466785611436035957502537,0.1088763564863635817874611432772890644801,1537894718.801712558695740866437448419422,6449343765.971781566737473488057626795088,0.1210540077708372193939450553151400663168,1530209064.310987301196955365402368090804,1064969264.476186235457872903171440141818,0.1246512930572488374681966670610903357209,260189599.931040315206926943841788596454,1983201698.20625432532251827353075580795,0.1162667758842380113034814845915455924805,451937716.062030129706445820181198403926,729985351.043971220835740544938016934508,0.1500362639548831139310918887193762871205,214667578.632365300534073824283262850126,334983913.432215014622132358233423207311,0.141551847161893903730966510718342251495,92938479.76306599618488406759873014959668,7514313030.447967802195346391229066936897,0.1066346687555156018348330277485792004684,1570521110.617064392094589058053410780106,4453907282.770917958579430560036159270453,0.1312717855902023804164060874974044537817,1145957829.250587860835015955323996766081,6870632287.017515449697009738984689740498,0.1969110175995290442661056216845308135842,2651690262.57004500620291774677504512364,11324539569.7884334082764402990208490109,0.1339134729969880026395984147375970263859,2972356510.809083598893535638314497224181,18858334127.5923850870050723290442228981,0.1056233886242740390869894569627860875591,3904087062.555596807861562029278774385757
1992,5631493921.278761626586334407200425015891,0.1431125123859805208685655601679061924383,1579636997.378738339841294365508339438432,5255352604.274181576674716654909835726779,0.1567805545162586519097359712723945747134,1614916707.134077604309906764335179471088,541440580.559443996965419935243654754654,0.0831091507752444733542871798376197916997,88197387.01727943626613481456944254581657,965517899.34383752366811062144166087741,0.0616803225951013251464564781022996363062,116724772.785630038314237857478189352826,412228152.117187700643287173987871640299,0.0936555837815140779300955609936329805606,75670637.74591160514082059678526153376352,129212428.442256296322132761255783114355,0.0686001817058221293035655888771954508885,17373432.29678706984930432733280046534331,5796793184.833625573640136590153490481452,0.1416315260025122467426793241066484070609,1609176982.790340864971569326201106307957,3280554040.627810376636257174344101055904,0.1064708336663714143405945998230407654553,684595314.242723449295208457709288577688,3932072199.929074217879856698166602506438,0.147025621933387659716557324047333152499,1133106106.935849684279729479760547833681,7212626240.556884594516113872510703562302,0.0944232374149410427596263917128349094984,1334837458.998779303509852579813216520569,13009419425.3905101681562504626641940438,0.0956275595772320388436769903610011886139,2438355701.086792384142878930649560928616
1993,9241217643.55768761088311988094205370162,0.1177198145089280605386139196350269887678,2132233876.599038742101626352059353042052,8973903429.686443801081307270298240087686,0.1215761122698019598529376025473735869384,2138384090.097203100632640699612139860644,343863597.000602830371734182453707742221,0.0807179394743618849557919681905143216859,54401683.57985681148147320760208873010317,669957544.530682413827608947453591668075,0.0711934045907162383739734783165722745915,93485254.71169630155515528116443757624648,239407121.288152088265627544580248703725,0.079514777379415985843531898176502817191,37311351.74645753976478257854412110736152,104456475.712450742106106637873459038496,0.0911514716098214320277263017948241729703,18661868.50151629329263678808430512423689,9317767026.687046631453041452751947829915,0.1169646466578469129661581901724911918032,2136104682.716510983103566021877479647182,5504707665.518250137768788373082174958714,0.1420338582839482691813003347694848325743,1532435542.179214386880580924150564592027,4855387521.429186541126550869187457921107,0.119242826608564708326790273082280218002,1134781459.376931735560883018265994869797,10360095186.9474366788953392422696328799,0.1034094574635229382570860185619889777981,2099810372.203271765319505386144732965787,19677862213.6344833103483806950215807097,0.103873519456498787722644719839456736517,4006257254.880117061112468869893295285516
1994,7317777958.724595405499621799637983287691,0.1048599603131809587494139007840076121493,1503990136.411761626840520912829898570252,7154723792.852784662916265313031150964474,0.1085991047136775258054614752180103419066,1522913332.819820801500490102413084236812,201026412.07744736280090764747453204214,0.0815326484316398003127936163342048410325,32124822.93151355127550362221253611258617,573145296.761254554935130337359521155344,0.0607124733747539129175371306701791118813,68202254.39618687059861099447539486517468,139688648.503755034819179186128669831511,0.092534391267340099111559160250464242079,25334967.95025472457202311813191415839522,61337763.5736923279817284613458622106271,0.0868026922646072239532095676203989385572,10435594.71074544159093620690808650497108,7355750204.93023202571717296050568300659,0.1055075452784781020763361542163075221337,1521130809.695548026111559543835125480156,5148906603.152532356987189444574469055619,0.1676528965093151002847331763096654906146,1691929047.513942898154971418763350784508,4188549857.709806152974885879175488365733,0.1016856222854988172209452316004274513378,834793985.55991596224710158970218548035,9337456460.862338509962075323749957421358,0.1078088756646819220623860160931863463454,1973054937.922437954327702109920604010439,16693206665.7925705356792482842556404279,0.1027903166092241145248410074913696604878,3363163996.864056380110326545682061547093
1995,6810426315.585635506162172093660405588876,0.0697444986207989574849299337960722741695,930979946.797853951018233034098753526468,6604284433.749900546787135839642952650078,0.0718490489921477676585276967399870537458,930042649.443607945324194792951467194639,207768498.556191843143215737976731150062,0.1180996334563268211425290849434506480189,48093271.70558494506372060493480457195171,853575925.45872712693026951205366292771,0.0928233980442073926139499914102293130333,155294363.064023928408468590890885288979,113006085.971706519394577741118697857757,0.1102217495275105514854096333607189146685,24413227.86599320923644998595719769840974,94762412.58448532374863799685803329230454,0.1452587625706136438181167807547004196949,26979538.74884743679038156917257397036159,6812052932.306092389930351577619683800124,0.0697198252207675250147436015067256672171,930872874.076595441029060509709919228573,1819597162.804702896539713092541018315946,0.1499731084816255228469884194907493310069,534865659.672728741622054920720599839464,6322898449.159374210952559511539570911533,0.090572916983964318375835485608457192641,1122459378.414147518067490625786217562121,8142495611.96407710749227260408058922748,0.0806178535166429944762802959110951178707,1286603816.270247517014838117700239417427,14954548544.2701694974226241817002730277,0.0630335629134102263951217705871492594627,1847571413.953526048640906010948927106833
1996,4567322864.847638790505412129040651510641,0.0540084422890551262466417104838289535905,483481026.988747026492871684463989560614,4133199202.621354384990565048655028172392,0.0553014817352884985238376547485528243993,448001198.815664678401954202241584794056,435204633.919369694521656038430674897096,0.133508993858807748734707719924174161983,113883316.282640973890800422420263159623,1566438913.745168549703293427059432372545,0.0876764320302165363543188873501807995231,269185958.902910408358776195337548598174,224375662.983281538621686290655305227455,0.1529419443458358541785808591003053780018,67260242.31467617147840786471320691300428,210828970.936088155899969747775369669642,0.1289559452864079326196618586552130438635,53287792.51201479000106647000340488480809,4568403836.540724079512221087085703069501,0.0539955978741993140801959009159230450356,483480445.110212531188317493122970956409,508345588.5596822274129873225815400211,0.2560634998621652448346602989841155241748,255130751.070325620589295891156372872901,4161254500.845823992152830945585255709614,0.1075678840575050133424041288183262556536,877329989.694278805622598303638708402305,4669600089.405506219565818268166795730689,0.1012139071547909633775523455940020261346,926351801.002221276915196797784726916536,9238003925.946230299078039355252498800235,0.0622998542467250956598090590343734161939,1128031544.309563749162718459225451380108
1997,2969230338.715879359563448135107973691973,0.0560909500936821178615073330713220656219,326432023.461296110229185493292995528814,2270602860.930270003115095070058404776482,0.0657365888563762300431413864367177701049,292552905.981166156828656325844776613713,699115016.725842586000515866870895090023,0.0905801052540253397476528956153893577002,124118787.127405154307738255461332856876,1621332048.44053231723818289598901488406,0.0627312150098320622986774686710161119128,199347933.492786791019883600169536544093,432654968.013984901512443440384381907694,0.1084913485529262371762061049393248320731,92001069.03840236102154155019966358158391,266460048.711857684488072426486513182331,0.0821671985460175724632416154853815130905,42912780.42509389955986769446847223268225,2969717877.656112589115610936929299866491,0.056077926326399262390892290403673785287,326409815.892644909592345999084107392926,280320777.499431223306504601177533232486,0.3389574896002944100594683987272819435308,186232980.967059408187743146709422098231,4124510025.945295012545711074142307541014,0.1372595468318340853167032113927361777225,1109611619.046630580576935230927230891462,4404830803.444726235852215675319840773522,0.1316692778418836762570735852078099768573,1136762546.174292671542794381893514011452,7374548681.100838824967826612249140640002,0.0878424364171507628830052055981092685511,1269684714.304575566444547548526881671561
1998,1992497845.650187331670140095499079639517,0.0789188979076305354108775537671977423285,308201638.761600200282109222523891913681,1470236037.376016552433378604260197159933,0.1095925460417903153484428938349366801311,315808744.812123664277494312104714760254,535990599.738952193222943518711444002409,0.0730760151373374246991759816097793616535,76769392.07278870096722018902799183173702,915196855.950817712620243609222608029554,0.0598421610841750510269064294359658627976,107344021.04797719203160965743704282098,364231526.929933587404852030306649715779,0.0817389309232288593875948070689909619198,58352915.41478450658947503047920592977191,171759072.809018605818091488404794286631,0.0766017590936885500955597067721449055067,25787812.35024463934259101478908084546446,2006226637.114968745656322122971641162352,0.0787375445486925679180532360822510477712,309612104.060642518827345927315503012479,650857797.220432789825571941589203649951,0.3003499538655196703079527052221733287445,383150814.361614660457463122031626038592,2796247831.315839851130228455827939102106,0.1942884113809045525302639043309811687069,1064825955.988362021804992985227397769245,3447105628.536272640955800397417142752036,0.1694351537225538986267625017604132505487,1144759309.255091298420512951111556894421,5453332265.651241386612122520388783914408,0.1207058757009107765551975570491007440568,1290168523.362391183495177822231880057566
1999,907172620.427437033398178498281578320479,0.0657666172843726384352575402309324063626,116936882.09548489053841015202939680713,709174696.121537528539009795121003509798,0.0839307334445253611783771603105520784739,116662242.676126917986988504835358856771,203808534.655393276474062442745617836936,0.0707339988912059135966382989785121401257,28255737.62209246446601605878472699129633,331778000.528066136696014528479869514673,0.0563015007601433148266920030632302199273,36612014.72390229961820697692817641926851,134692904.377602532526296950762485918642,0.0847135857193318995778214756072467533585,22364225.04552450172191377736763035180768,69115630.27779074394776549198313191829419,0.0663445874494044392278990604543668168995,8987478.03508776276316077949807235362085,912983230.776930805013072237866621346733,0.065729001766751928082933872381279991635,117618573.721953465603856479197363537987,310888480.605628527279144393221712265245,0.1524849611608387656897340131123876806243,92915403.06538282602681119039137501778005,1117698855.638892321828410731460026687816,0.1692630817083719182303429479187918793531,370802899.34562485557769527798783896003,1428587336.244520849107555124681738953059,0.1370212311646972019573724388053164613375,383663719.451498221530938423043822613916,2342654364.387565168244487045954055865705,0.095995483551643735665739199180063182325,440773107.467355728029459744124587049809
2000,1932485605.235144188635870040320859518162,0.0979138541208287116059906489384665963274,370865542.737526767680144074227962202586,1755359203.444351341501872470100799001003,0.1057202531366473411788469125100348935768,363730957.894405707889554904014567275625,183827973.408913334761935933181391794954,0.1140300237690815975613051111363392610075,41085340.02739135537004109566301741973058,343174127.604726054665521987244914023932,0.0934884935648111206408160897881895589929,62882351.15156084014711502438796774372526,123097226.170596152241204972187716264402,0.1117776769794601320726123693710996735376,26968663.08857030795638131550665850964894,60730747.23831718252073096099367553055163,0.1280863058710502223377534617607243828599,15246403.05042728509505960295590952413029,1939187176.853264676263808403282190795962,0.0975414325086805831798705402903865702433,370736146.460153846652290066954299890606,659979732.917490109370974280886500392606,0.1510616545192437392333555203710433301863,195407355.591221905745517097459292835215,3244582526.189963060279317817450643596376,0.3743630747029926089834849702729927488372,2380717705.638872124108597750452783510194,3904562259.107453169650292098337143989003,0.3127019316626442843127159079995640410306,2393089755.011119260509536243427137565278,5844654301.999090675173144046351099736577,0.2214571156293385189057072848909777706222,2536906955.79979393354712050575737603888
2001,3180889071.305758264382511639141275066982,0.1269609888781157030870802055653772816569,791543691.128957518748595439901778481979,2993858933.817418492762716449561777395272,0.1333045601658707236788485186221104119495,782226294.807539535298225190242995132344,203510942.241879812586805021026047455133,0.0826052392700946062302035570771134371492,32949697.35282685565127827041302109402687,579669914.34318969012779677569037598579,0.0988521399501923104864118008574043362194,112311158.535235193314947622966939369149,123982348.606414494352800684851363277725,0.0722544647636001401511815271071220158641,17558225.34783350744590985217187292842229,79528593.63546531823400433617468417740832,0.1147154934194058403138592011397595086302,17881397.24529389290022382794924799416391,3197369876.059298305349521470587824850377,0.1271419651282669877280376870145356870566,796778982.996841185606894992570046915399,914455814.951502135405440644497416207528,0.2965190060412953836544799341627289703463,531460917.463480224017150468916107376632,2652161686.033403068488942668652486565497,0.2184722769434377678568457855958137643714,1135670652.644934383671332629697312391498,3566617500.984905203894383313149902773053,0.1933073125261516531404556063185277789609,1351328358.091296900732946245900317928654,6763987377.044203509243904783737727623463,0.1485655786344657935463967305244561060989,1969595569.15171750344463603285506658725
2002,1293887687.373052023316030829465536928798,0.1351722128648070780262512353736750235339,342799417.325456557132115008317279622765,1104954209.101628628493589566847793701914,0.1464685530326690130897617847295547727561,317208446.581966567811935874162999677221,197841387.894630299941196038407469502291,0.1901103101894833393491093436079202412958,73718907.73709347857402350352035038447275,514790498.17280986359690703876629912699,0.1609376209705442415931002522187859110083,162384349.825379710705018742041259232028,115351063.758661699411907855321272317001,0.1937633148632811549889619440658211877937,43807576.79429261380206371832730664693556,82490324.13596860052928818308619718528989,0.1882173395462038432921304316660340885594,30431174.32046499186304625297757214008429,1302795596.996258928434785605255263204197,0.1346115197464682539139956021533645909311,343727738.65212066009429305038226078207,211494484.572570951829850919525456419354,0.1849899684245348159521473827549777170828,76683741.72516460563370291837585651251521,1023246424.321815620297534839857889013019,0.2326188897186266431058142990467449462511,466531836.38321912323226993909892785512,1234740908.894386572127385759383345432374,0.1961531455222386841584955820480716845306,474708693.841858858352201734569024102978,2537536505.890645500562171364638608636578,0.1266175683772172318386292168319127533422,629741536.006815659198808555938550360385
2003,2241782587.497075181851413286599196704421,0.12927067300220020569796334187801195348,568001617.868306927139785874771653486834,2149918893.23909546446215544252401732753,0.1383017979082753185171722294585866968504,582781790.652195189027683470110139002029,170496350.08415984307927597059854452478,0.0813987318561626808013350602641382219406,27201245.89859173450211045570133995423196,380770202.276573328230396915649355633409,0.0773900200842919438579215167699216574516,57756914.65930047519591530838867437806998,105267336.880879844880432677097925045939,0.0817732728687973260428879216191150864817,16871787.13934632791471984303587803905153,65229013.20327999819884329350061947884222,0.0909973142052165518238156780975925316948,11633903.41911997442915501517456679010692,2320415243.323255307541431413122561852322,0.1276873318455561459696961174432611403333,580723757.13965868486478005820430560412,1128329408.375639779497605054462621697495,0.1723184695174705443338871941409300119814,381086713.655172783403656206634105957128,1365599485.179124659236907801158944762101,0.3151261977341566861714657717876660855048,843458899.84875004424839450567618507615,2493928893.554764438734512855621566459621,0.1904128755134040934635072446390764682797,930757297.017540940190857635802202698255,4814344136.878019746275944268744128311922,0.1358160904479235104143519665712459536894,1281576181.533644535029687765447999698435
2004,2983428256.983710440184512500622835889786,0.1280094645385441750593870128275223409983,748537825.184668001783346222806273773865,2855247146.417685964137367377197350328396,0.1341036570204490409778528912900746620587,750482204.702353878208073835786231448968,150009818.582367959306471764762391759519,0.1097687231308022071319992158638133984559,32274117.03602484047961450448161893297671,277750682.5265286132796730461395798825,0.080860899037330013501701407832923824683,44019972.99876117822576599891663863598632,110132556.846085259742412721996392311048,0.1287673224366217488857907480467367961033,27795689.93801209193380856165757302664947,39877261.73628269956405904276599944847032,0.087224608761684455853198523297808751114,6817425.96473171457621885158954819100456,3005256965.0000539234438391419597420879,0.127301727047775757198696982308926690761,749845827.659053139389041679785897766423,2565473757.285032727849401786783283920583,0.2845106852129236507470144208682295044299,1430613205.298639342291496420822733407074,1852394004.805298279852972652713462382107,0.2017847573468869475752172840641446448858,732618354.55011188558253706605202540267,4417867762.09033100770237443949674630269,0.185777470344591280887983980973858285588,1608650982.429802141331634710385443400305,7423124727.090384931146213581456488390571,0.1553493680947953125523079420707755874334,2260228361.858988764837189400789753415516
2005,3773419078.848203618840192123721501559592,0.1056206814935218177482474196124665088891,781160145.550465025344590723465857639593,3611690814.305930201302897147462050498616,0.1097708562729481980054491703208964142182,777058450.827826867038180312511287608493,164938810.415409066583597041658617041202,0.0759899080308405563591424347513947671513,24566022.66699903560374030224462956979785,591559549.258760136904190998195697996579,0.0931660756752968611657619914873134632908,108022032.19606485033264363254708956885,116637200.244791236741031275421445102689,0.076307096406809074731064174574625501134,17444482.32405117662901347205090099256978,48301610.17061782984256576623717193851081,0.1030262332297569140695738858605539513265,9753612.59142930752986617221329908640386,3776629624.721339267886494189120667539812,0.1055219166282990912381654229219480827158,781093704.935786907706383786153134256965,2599994358.391662530118974193044604083464,0.1929085338937631225004273737833137309283,983059755.626406231337656467617795769675,2372761397.145359744706608317631400563995,0.1685140166297371073497953125756806339566,783693364.932424753829053134940444065756,4972755755.537022274825582510676004647467,0.1260767052927306360012279415622905348831,1228819377.291799608680717068430567415413,8749409223.297422748718498474345992125464,0.1057587768785433673537444786103336846474,1813640563.016931848291277518454869641279
2006,2464195849.055639795983970917579699559533,0.113204560573633291510690204931110938758,546758088.189041193109498681357640055483,2128362155.490339853358887502247273485138,0.102718307642396607233611454950626182653,428498646.977698540796404872609154372353,340241092.644247074934511287720263031709,0.2491965495199412807673946613412483797829,166182336.332008448702097552656769292942,712080200.570932994425624510045813096377,0.1617017473556296236766409213027818934734,225683440.871747469695377561389635233061,248783182.37843235138208837652405524099,0.2724232599702192945221911143752376214561,132837678.115824386094630631023310856705,91457910.26581472355242291119620779071911,0.1982997787894197942652010226566598387979,35546723.41353718413606136017580381191672,2468603248.134586928293398789967536516873,0.1129887892348070937613823913124156113104,546692004.531364519159484397669268878877,1310232787.992846135421492220279381888895,0.1567421783052298789421117723655334375347,402522732.902788968021783740482528486301,1487674980.501791787621108938662364517224,0.1550961902887274450140801845793812989089,452236134.852822189507355035724073314464,2797907768.494637923042601158941746406108,0.112780224470460093981692450545236818054,618475385.709799944576358799107145380923,5266511016.629224851335999948909282923015,0.1020367155906177034198456258425200449592,1053259874.046956192266973668586291296653
2007,2706721637.760296631605325246424920481488,0.0973539503413670157396861723571518878802,516479686.06442225563033347385045630792,2330216320.044543646354579980604041667997,0.1093582765717834702981223242587859042774,499463743.967048832369260363742181388122,380436935.510149627553132509638363857641,0.1416099617821422434279116168296174864959,105592373.400290900086035095177047255431,793109708.936080511263810114551655055109,0.1033952952627346027998560769644113246027,160727472.561127588121409971290734411758,259294028.162046577906379737084028336122,0.1655517942643814080818339049687433974133,84136119.54436107375504281766280815424134,121142907.34810304964675277255433552152,0.112271054120721992449913480441777771538,26657650.13815215536415931116099657001544,2710653255.554693273907712490242405525653,0.0971592364494481861252084933319090814572,516195401.154253689516094003519056302177,1161589191.516691475557262702118102564926,0.1903709798848607163491785409359412787762,433420430.320883562497358333062290540944,1745636417.527907540979269111900725047528,0.2608257041739663731583141331677775607903,892401421.753535462449129492616317659667,2907225609.044599016536531814018827612452,0.1749040799143063912453648637559359382153,996631815.696379047464474207531334984546,5617878864.599292290444244304261233138131,0.1185954946159935071393985876734701884095,1305860040.374182608019916550955273400212
2008,2045835833.14581033346751877686735960766,0.0872535470491878876647001365801666134281,349872608.919712827333956780839283563404,1949401734.039500225645634855581477773083,0.101755277310478527777229352813113315003,388789351.511965427472868388468290251267,273298108.172617279481763466084169865554,0.0871281684359611015430041927423777695861,46671448.66010289860528903661885732339417,607529411.491737075306363169673378120212,0.079363618235586872314318617811056665512,94502835.26982113117496293433406921213397,182117929.128612183376175918478960187082,0.0960857537904501564059945403525980197282,34297919.4581938228554936984654184105048,91180179.04400509610558754760520967847339,0.0883240094175372193784803636580119738094,15784662.02544785441288564042429771224244,2222699842.212117505127398321665647638625,0.0906074529594729051766597759811860017684,394730615.936674079790022158225106360843,756637738.177258760161961214262134864295,0.1835936783670041397824601489056729616957,272271254.864776142566589166191817547559,1560406499.618744356562778247155127901144,0.2085725090907944079050336055373807363979,637897481.701047866679800862208297869549,2317044237.796003116724739461417262765453,0.1529888443096824414588746922065831492447,694784563.503446300706917301240745202137,4539768809.449607364588497649808659061366,0.1020282561739436775991759000865803461072,907842002.319567529260458665853268452155
2009,2376233561.26538247581843713286866372067,0.0841148710963782892494654178868479739091,391758096.213422115653659558514862162901,2054165937.055339427491279351128048297241,0.0937346733439877953586163341064357461151,377391283.284288518811536092285568252772,372628769.609667344254045815064066968506,0.1340589986931571788885062530558828333797,97910309.88674491751872719391867356816226,709160737.574698980019400713276709025059,0.0980878398558813828599054067114295790383,136337687.924239361671142434012177347738,250600705.759773084522143999401155426853,0.1607766202358733241934799325455294937868,78969839.62153050521809953759225830925786,122028063.849894259731901815662911541654,0.1160722748306446124549684351043203916307,27761586.9299032953760339085085704089622,2426794706.665006771745325166192115265769,0.0835824148128772931949939763767024306269,397561229.20281215650111831019164605367,2042927555.447215370067270085699839870759,0.1913990515235315097822313524609952023045,766388217.030012345808886510849308437469,1544670646.036509561626925677524470332781,0.1740232556162917699864723347307623138916,526864884.769260336520060598826060620717,3587598201.483724931694195763224310203502,0.1351613714652692665554332886321134208798,950413198.630592412515002533537384730621,6014392908.148731703439520929416425469276,0.1105389258449511881300052382418323284373,1303056082.085455833415840654443242496
2010,5244110968.305779105354941962474922484205,0.0975093738567600039887509020497142374122,1002245954.831533296847035069797604339183,4961829770.782272126842688606218685852464,0.1053601923885274907916065524453965009688,1024647504.927537166032744119514643889036,363881177.71338368406508543145294862044,0.102083416721622343399103703265057862415,72806618.44727332459403720543080597538653,579164984.040839253076887322542126896385,0.0876844003544530656563288807438698015733,99536119.29055804425247579450691535324319,269120010.748813759589701162262773495083,0.1182913936841016994303274185169348301279,62395779.03392491446987249386474433527927,94761166.96456992447538426919017512535743,0.1040496152921871074560783191981532248902,19325331.41591233269129464407794657207236,5325710948.495655810907774037671634472924,0.0982960027478812493660016735748723893385,1026052352.13439046746671699386017737436,6039440752.89498089860589114523741600195,0.1258871628612614022907232828978791375001,1490164600.835234096869165355888520325645,3777393576.441838316140424384926826780856,0.1213053950276404303030342109088301916901,898107711.131691403670944883787472326657,9816834329.336819214746315530164242782792,0.1031494490475216504913158556991370769112,1984698062.825303630393437449242522380299,15142545277.8324750256540895678358772558,0.0979097514339587257912669416073087173649,2905901574.6908844828213049696693375814
2011,3932164616.901700798138220450437767583226,0.0894137877834042334213569065939974959077,689115875.866716977686125766172177078849,3585217804.724462512275210468445381153623,0.0977721243592454467600746493350554625309,687047347.674662168884916535866732234917,371781476.854877657201972984959127009515,0.0793757771133668925134786983454198769635,57840469.53775383637069284949326909753092,643696917.160728955538564273918045019052,0.0789194064836910727389206769838268239269,99568350.16910452063349357642637486005103,283596711.067563766444503381742594313571,0.0800533530889621810092098978436235703242,44497620.58608173913804916009564112509839,88184765.78731389075746960321653269594446,0.117608787132478444710399325503505738509,20327754.56170302790582574954975953340272,3956999281.579340169477183453404508163138,0.089613879267035229009594138333320685056,695020029.523224411261624531400639770949,2276583393.944081174988337679839363115599,0.1201908431606717730932951721333484629966,536303976.181696887492771049697032976322,6358082589.744563619838606929165720417649,0.1196716845971174803314088534204728665102,1491329610.471777215358649088336909953606,8634665983.688644794826944609005083533218,0.0963044188222915184072398909346652552346,1629850718.996140264368786716390527619324,12591665265.2679849643041280624095916963,0.0806724661230132121019225414796705896314,1990969351.507521228311748467345145020398
2012,2823449209.071269129744232420069144170108,0.0910358047759601656667385086047503763574,503788543.144028341316452223627000925729,2627780813.355679810707963801491343058071,0.0964001137431924487051933412437333883655,496504003.827345948553501306008166098868,229250653.934509682432957949139389987458,0.1109048880675347737326623825734997217872,49833035.50347125554508254419340808117298,508103615.393431313761016958078371066381,0.0851801057678494160320367605226850961665,84829426.61246875356092584719093243499393,163160761.711917349298307646914969568816,0.1207475671234220172033254393991617733919,38614479.45236807413668047262237380985196,66089892.22259233313465030222442041864268,0.10847729096789537718104970726881662945,14051734.83858730869837539945117261415903,2857031467.290189493140921750630733045548,0.0899270861752559289827042401864121736849,503572049.330268612419932012210893531561,2146249530.721312457132653432599644243884,0.1306411666115203459326606051225430802723,549561543.364406258431898986035030877961,5342411801.602466785281713858369290811222,0.1703202235237611713460428201388497095834,1783444713.521627055949430874662109210451,7488661332.323779242414367290968935055127,0.1278226993744660190064099400121634169391,1876152976.149668778838282282510137140051,10345692799.6139687355552890415996681006,0.104100631551474264501562663167847347148,2110906582.383613897255135546133434792987
2013,2259050420.925853800748807311603581063276,0.0792737442607260986100110711890042398514,351003435.267501088786846704702013137983,2084376005.069754867236213788884173372028,0.0849482193183869037245229142140472658275,347045498.840471391612689182963741140596,202915177.004051976597962293844151911974,0.0914133884656215822687407939929733913918,36356361.24604186271609408003475425813504,508221816.501367671880703081093062739013,0.0968437527824869359054276876394061263965,96467491.59361278524452068355265234971109,129618168.16346020287135215828556924818,0.1012387325511035219934175681770320836542,25719862.95851043697433781923377100748799,73297008.84059177372661013555858266379506,0.0918698300832529861500760936748847882383,13198216.14567988209847946586675338679903,2287291182.07380684383417608272832528401,0.0786639886396482894132126728594711207467,352657797.221954431415005438430961088201,1973557850.170700010961742991871362485282,0.1354389687978787294770547805286621372456,523901414.576553004197189329394644399649,4520756758.52174079256143084211320815928,0.1551089637628780159501446806409391649406,1374371396.627135764693618193403540852849,6494314608.692440803523173833984570644557,0.1166177095990810515389975948025377387715,1484410106.359866923574044262979000822776,8781605790.76624764735734991671289592852,0.0962612752877944083750068583207070730616,1656844002.087924966527491764914906675253
2014,3142393436.296483367439420640316996983968,0.2057101083532759146570708840768544894336,1266987304.767578352754118823667280338229,2937339937.321073888376064694365249925998,0.218597040523165590704701235769531207621,1258503881.925419431457600231056410322419,318284337.844292241816451071988992416109,0.146391721153641204576395071689002322448,91324616.38521500232648534218787730262751,635747565.540797052867785144818351982063,0.1050460845896913726348653341217374363118,130894273.393078297342435714783287995565,218569146.281279781046909647338562771128,0.1702446552770064222760425746336130515498,72932048.76717829036766143948881567430435,99715191.56301246076954142465042964497958,0.129162112574638245014878470577979512686,25243672.604204329064949904682136645998,3255624275.165366130192515766354242342114,0.1992815106854052806355180512497142698263,1271620018.606902194898642134825136497854,3003254941.516118423344717404423068061591,0.278602630368083653741922997457305480254,1639960863.689778230968978410866436697706,3456404487.64501649623341344789238062198,0.1804710278059547552289538600871348019634,1222610505.980884719785990098503926862026,6459659429.161134919578130852315448683571,0.1598954853389866774383511956250413711282,2024425943.918551344846420144685931148417,9715283704.326501049770646618669691025603,0.1638867328828199721418472106295948528282,3120723966.450271174200483128685541225029
2015,3079719326.319391369432520961276308347047,0.1504829578039653124248264785638277198459,908352735.923931802152156322054652582948,2982750838.181501738837949164053892910598,0.1568860569747357119208268360524090373062,917185955.163152212133405180812952514014,142602855.939479914956063142655073043753,0.095634324375559835782693322367258403346,26729946.45232300540486248704874818339485,336532919.315730315201111461632247396447,0.0681382583579966906622940688088875299427,44944303.32451993069551198055748138697908,91755002.00885825384243228669197681429031,0.1136965533024114393990201787740159988005,20447165.85425952146780304270940365909148,50847853.93062166111363085596309622946269,0.0835217777892023376267089793208503549084,8323930.18782035403105059870803649817418,3125353694.120981653794012306708965954369,0.1498210226867058870838612437023873205272,917757625.95332410221420746026179418627,2909886710.227269659817457990436433747794,0.1829182370292162906152376002258555095235,1043251840.099455537310400830491878281873,2331708148.509754480221851230193904703419,0.1510981996995266094381280212896981849332,690541130.790499049191173488318772975384,5241594858.737024140039309220630338451209,0.1221022815059445352482206284513340790695,1254420954.323974614771497665634801327711,8366948552.858005793833321527339304405577,0.124409529714378526350957204105094218689,2040219143.826710384592699515123436442123
2016,4484544513.319770809331163075671966007479,0.1807401621493940980001684887059580671481,1588653112.907038392125178642681018605106,4549920788.919650045875037086154530248407,0.1849629213024137659829220011578636368607,1649470615.993796711468659130087317448636,106728696.522093956109295757781350445645,0.0803213220157607898819192471280289575208,16802276.40328009395340234183152443258964,263474993.749516614371715406756877614578,0.0796072333025151551477796992548904891526,41110049.98172112308393698012502964397315,67496909.81487142308313588407698893935983,0.0892857249346475626303772260698922152872,11811960.62639187351206252015918343922607,39231786.7072225330261598737043615062856,0.0841793537967239150594866877598183425323,6472912.64847759607634785577273514714631,4656649485.44174400198433284393588069405,0.1806105091499188139873095812085189901273,1648438075.616748050433932957016687376583,4207047673.501917923169019628114904779051,0.1824821229880942287713806442128581932936,1504713542.306595252884327937349211185256,1476438997.777412064914890192823445836192,0.1611256331883504974701527436960758097129,466268650.026483898282837830821255699304,5683486671.279329988083909820938350615229,0.1456592057255981501738289432907341979535,1622590222.409519070261118216049346174232,10340136156.7210739900682426648742313093,0.1554240646551489205814681154221481133399,3149927741.507908180415754574310388485105
2017,7026737176.896590086949208611564566065006,0.095454217703357120106608762646072624278,1314634132.446409837567143987102329476213,6925603844.338461363396637866041625852535,0.0967129527555895129720910621828364723327,1312799370.906812053891811426136190176025,107996153.369567614355094227471566743899,0.0852144926363551207233415962913396276428,18037561.33548876755485519248732461515832,270527126.736623082702753838550922472791,0.0882707633598618498332510349869329759109,46804086.53371995114975543244847229163624,67156848.90101407948654140657086388322389,0.0988297277812027811020654206656787397538,13008702.46723995371545576118722625483356,40839304.46855353486855282090070286067511,0.0880296189618853379850777313454336707842,7046334.08562897018292345455492129015555,7033599997.708028977751732093513192596442,0.0953639307067781114290526334805416111939,1314673415.889221391247524482515532642328,5033189251.454841080621453249362055404414,0.1189214583181101383797893188946584910573,1173166243.317131829406022302947146523602,3963040409.026286860012212712267616078266,0.1541155259418883530047369428371972142058,1197101471.653443382281529176299632647938,8996229660.481127940633665961629671482682,0.0957421767330167307334775901476653360478,1688184475.765798851223207539943731749023,16029829658.1891569183853980551428640792,0.0898659496759539965348387981667451481932,2823450296.13880559324428707540970434405
2018,11622112356.5620109383987100638953962794,0.0991527660913576568771493859636440699223,2258634592.436234352328997618856976960683,11419563002.8773185885410300100484597814,0.1010796646019802768015100017000419588818,2262399772.534763303407103024556844580161,207616314.482811158269701211189422753661,0.1486073477937260526363308585053982668882,60472487.31383749333601230734907268315928,881134270.566890617556642736069802055384,0.113964060235137513760771432835227243052,196818572.608812992925416782226775844587,100674943.537518251220117765934097328808,0.1405586531187486917045146640194344264308,27735439.55422169084636620943020571975638,106941370.945292907049583445255325424852,0.165098424913073669418982820387372651208,34605469.72618069434180061733257596660575,11627179317.3601297468107312212378825349,0.0990927344449175534045983589777006742215,2258251225.179665984401935504404721116626,5108355893.481207512551441453258011043954,0.1790014641807423695013696397757680557941,1792230241.599342677370028662711273742015,6750069444.721002105396678653446498499689,0.1497912032789615026067795101882887287107,1981758007.708968422675468401256047870998,11858425338.2022096179481201067045095437,0.1213287958204265961108396634525638277869,2819986194.556597825688101420107826918465,23485604655.5623393647588513279423920789,0.1025035102896503876416854132182514506083,4718419560.20138679031663335309420290415
2019,3822359578.133847104424273054589969757853,0.127500824991852678375425831018076722225,955213839.27004792784465063323165608023,3593934303.497740632708634130431652199394,0.1312252065520979375375784618865711626032,924364951.769876053270097347870684312955,228934065.324999518406916573163490318912,0.150032712165963624987690614943167816246,67321293.50666355035918702538304637566694,1153312567.933000832706507454434955851565,0.1326237030165695162982616494607783331743,299794903.649853977144873712415294249266,102648946.949589754078108344470663938878,0.1475469350814085999959184862449402329202,29685253.52302230657634609053141333926824,126285118.375409764328808228692826380034,0.1576333507799310802008482327257141093138,39017222.87178593162090430201928823659307,3822868368.822740151115550703595142518314,0.1274905306330359685801192615447109203954,955263853.087661205118810892741548371611,206087439.935646082660821769100069508822,0.3306920788780183059242408181208932240997,133576908.528216367095164188292103755641,4064814408.24588467828119482900807219215,0.1340044923831918248194400971488028163057,1067618647.161393114581426178320144404257,4270901848.181530760942016598108141700985,0.1294933713989668060664998815051134582898,1083984819.300805226831464192368214407836,8093770217.004270912057567301703284219253,0.1008227272269042055572069907721142193259,1599430534.179475215502621750298762903763
2021,566553946.355100846801346506234648848219,0.0843460272638859433292241829226418664646,93661686.2272298399779658040421090671815,473196395.440909689371582325804223122012,0.0901419590317736438332139408037060157852,83603506.17996218607291462911456205945193,101865272.017769353896443971814381062856,0.1120922031879584805247614143866203526365,22379873.42687242899084730872778310552258,363800980.910135335866713365286257947686,0.093320561595741952115512974983631053932,66542219.22132662828877731100383106794328,44776646.31222611214425757876135434203142,0.1326559468289817371348952927731547102029,11642181.28825458509814986302113437453214,57088625.70554324175218639305302672082426,0.1024748192340044014265576142868272642928,11466287.33500683013616920105883858798573,575061667.458679043268026297618604184867,0.0829091055426840018013661216633132628361,93448583.02253160303975540923248597650455,42102125.10182561991643990223544935159945,0.305239774954228027358875941597054034559,25188436.65470497370870195205308321727305,1066002848.248668198856874798677984987997,0.3511300583708842824523600736220471445368,733639058.965004178522408767283252481316,1108104973.350493818773314700913434339596,0.3376455775396868507843876312492898063997,733327617.654992512478162326640874934484,1683166640.80917286204134099853203852447,0.2331707765379363552515036973835822606045,769231934.45324027910832256598571694085
2022,1281400807.194500699800163540448365842273,0.1457160578228218271879327977210150835131,365972521.266114278085203473142162081593,1233462015.11562466773048356892350253848,0.1525188549322073054187873491164834678226,368727379.729703784396946388191861162348,80827625.55490159826162488257702167167277,0.1252091945800982771024971304420345368724,19835909.31527995646089471529094801906097,180079547.304405209487250336032789678108,0.0981064859856536572264299118634344250651,34627264.30448806964106934486754778624578,47261799.59232497933697992776164906265164,0.1520664226435502773044553035515200748387,14086388.27173447450499173381754961747891,33565825.96257661892464495481537260902117,0.1079877022343750541586614350107362967278,7104404.98182325553474398922147808008776,1314289640.670526265992108451500524210143,0.1431025905325528832333287793485879021084,368633374.488498750423796743135366042302,1953242457.054682770249520100433783519892,0.2257037567954037937542363643824752663915,864074154.559473035830007333908068648884,769142976.555806061018697366082856808633,0.2804447192684232641733743204867433693238,422776088.829446074488679236346794449167,2722385433.610488831268217466516640328492,0.2285628782153481268127625741840096346967,1219583050.622401649229703127522459298448,4036675074.281015097260325918017164538665,0.1956134100735726478614540164281601259908,1547670442.212639009007209342930211604728
2023,1618640585.072205975358716932530417812762,0.1285356189375006589865016140193023984649,407783820.101643802273689560153696444265,1626301507.677216002940727572835194330203,0.1313846221155903512483394215612252054188,418795177.703084334730990227540932025682,54173473.08135140447591973746579325668437,0.0978405890532399211749772279618315856483,10388714.4539849452223931609364405144061,90116838.14741005885796091860872760035021,0.0913256174010624559190840465606211703735,16130752.72880592836837405025297994835056,36144832.67666930852968219472067694412198,0.1063068829551167106423383530315675211036,7531191.21371028557437944458591472512356,18028640.40468209594623754274511631256285,0.0973599930089164098265394837574505816722,3440325.87536982887902836071660573986558,1680474980.758567407416647310300987586893,0.1270839398403920501403393493754416335127,418580307.461691306104699671244853472158,1478507415.765422914378212095832248336001,0.1262961411332815006632644931757174900936,365990371.246301798370487684715254629238,591231823.862316176891124147582844118345,0.1785450378898022338664691131128837987695,206900556.450582079736145675886518450275,2069739239.627739091269336243415092454337,0.1174407871218948446753274456482783170647,476420738.660349465722690961072037567442,3750214220.386306498685983553716080041244,0.1158688308070800879635264405968394888958,851684556.504803541595355289818647501394
