"SURVEY_YEAR","BIOMASS_MALE_GE25","CV_BIOMASS_MALE_GE25","CI_BIOMASS_MALE_GE25","BIOMASS_MALE_LE94","CV_BIOMASS_MALE_LE94","CI_BIOMASS_MALE_LE94","BIOMASS_MALE_GE95","CV_BIOMASS_MALE_GE95","CI_BIOMASS_MALE_GE95","BIOMASS_MALE_GE78","CV_BIOMASS_MALE_GE78","CI_BIOMASS_MALE_GE78","BIOMASS_MALE_GE102","CV_BIOMASS_MALE_GE102","CI_BIOMASS_MALE_GE102","BIOMASS_MALE_95TO101","CV_BIOMASS_MALE_95TO101","CI_BIOMASS_MALE_95TO101","BIOMASS_MALE_TOTAL","CV_BIOMASS_MALE_TOTAL","CI_BIOMASS_MALE_TOTAL","BIOMASS_FEMALE_IMMATURE","CV_BIOMASS_FEMALE_IMMATURE","CI_BIOMASS_FEMALE_IMMATURE","BIOMASS_FEMALE_MATURE","CV_BIOMASS_FEMALE_MATURE","CI_BIOMASS_FEMALE_MATURE","BIOMASS_FEMALE_TOTAL","CV_BIOMASS_FEMALE_TOTAL","CI_BIOMASS_FEMALE_TOTAL","GTOTAL_MT","CV_GTOTAL_MT","CI_GTOTAL_MT"
1980,334928.2681178844610082882661299075442471,0.1271139674818944961219146015418202120089,83445.1595253158527166246257811044899228,236076.2309891525549335591610538253154589,0.1419929078856254492994114619954018783378,65701.4550208236147651393390921465770384,98930.9872240318362485013695258287853428,0.1529658373042535104334190478936798468563,29660.8001402784555399105628584627752993,180273.6071819680419355857712940071671654,0.1613337993513415141932624498618365536606,57005.0829000988536121686837879425072852,68377.8599567748604239405129452080723462,0.1426526161711048476990944655786701961996,19118.3899975901135897517533095825265351,30553.1272672569758245608565806207129967,0.2085806066656531244637673663979171831077,12490.6680490372424614938513562317516354,335007.2182131843911820605305796541008031,0.1270893947060450674511286190090190347777,83448.694586344339688438317778741784954,27488.9445780343736752482456061550771841,0.1821244709118326595277574964988590983709,9812.562594910434723590032671580626804254,270835.9505031277899942524485270824313548,0.3236867146221531182846681286589047406052,171825.3580790540039402918952836463078367,298324.8950811621636695006941332375085407,0.2976879231120635758934147360728666564602,174063.128121497453481573748415965581964,633332.1132943465548515612247128916093424,0.1902566871893373761346033559901308252938,236171.5127413687649413592018299249947256
1981,235527.0547741275997338452379833161506824,0.1019657405151095912022747073314287393549,47070.7534807179289876014496168463206507,188976.5054514516752567486763916156692691,0.1157644924425221351411762092478901676599,42878.4677048116882437803618710945511689,46550.7093268442264422439743576471045105,0.092687385013799343832237108152515664632,8456.740495363634954033591719526085136632,116607.8476815630989348683320282502368496,0.0930552039721844196834914927482055956551,21267.8954194999218647679074203224599798,26863.5714413016251994578786423544956619,0.0916932310186363938082163603492276688052,4827.887017819709394866545040452889030756,19687.1378855426012427860957152926088485,0.1118018553641826976931187056373892792816,4314.074743131744751544908605121398413226,235527.2147782959016989926507492627737784,0.1019656636872914316478314129158061597964,47070.7499917248254772868816950855818241,10787.8897545332362796079615062823984733,0.2534248907621939705247272767998269401379,5358.482773890466784944964725815733809238,168528.6091722286572246350081986741874522,0.1356232860457673172593741976583799220452,44798.5513865745658085006542294794864243,179316.4989267618935042429697049565859258,0.131633089233663189386927266590439016762,46263.810020417255002419392307033003807,414843.7137050577952032356204542193597054,0.0986523544068177445764085733295513809348,80213.6057730287224415224555930329479996
1982,390805.3847041118549503789995823262170081,0.1055364019211623169664188398658746543068,80838.6205400517131105831666310567820563,307767.911555889501837521665083871992797,0.1065269180023612822450988505584723460096,64259.7114730215517575702061518253500261,83040.178887132089876395387408431139745,0.1379968708988160126760986640919534437581,22460.1982967922221511368042926990531491,231275.8975283817698418234396318107792289,0.1208926481279616483906290275522954296763,54800.7291727392578880426869607217363213,43442.1258763473117671716609708033911947,0.1348990809181106476893296244501635562189,11486.1935935423239086705260524839444248,39598.05301078477810922372643762774855,0.1490440049245739255125530584875127301338,11567.6307195681738199119844020806243722,390808.0904430215917139170524923031325396,0.1055354300255115485487021934029788897341,80838.4357694124557566158156478641793128,3685.140662374547408312894477143419844105,0.2754402711285096076772950629853380750676,1989.470840654636011914685251359220260309,242449.1492513495793948538419640304296878,0.1373291443496677735857692223291668531939,65258.8550613857563066956371935019964448,246134.2899137241268031667364411738495302,0.1354286596338493249406549644853394448032,65333.9284669720778831022387713118485961,636942.3803567457185170837889334769820717,0.0913343356310678448769552200855892859413,114022.4299245024049648735235482343541899
1983,414835.7442428079938752215970512425422257,0.0783948565933161773851983350187961419652,63741.1378122051786754716908280968919026,308518.9361617791648762599899055857236628,0.0833452996240903733018163173654356346031,50398.6622212538260205937193885826041037,106566.3264672369298326030781456604667046,0.1089024222692773730904510545288554400774,22746.4489258565832849185349331143074618,258199.3080740017279338873194188742818445,0.0939086430455790786673778772837778763471,47524.4074468123875520082645974804917551,56361.7704374957232419893437147032497807,0.1153350711206921502055456343776060728946,12740.9580517175193889756566452916824663,50204.5560297412065906137344309572169239,0.1110346395276140523470952964492926170098,10925.9117715561860850894742369533690153,415085.2626290160947088630680512461903659,0.0783615204041868053301841312119701113122,63752.35606288253171392538183999732466,5207.180354035243970173316053202777410851,0.2409648018956496789186377897629578148223,2459.304477592242183947841186185222283991,176533.2775222084423796622335172846963657,0.1542779448428791997391213331239027115982,53380.9748549077626094392487029591021467,181740.4578762436863498355495704874737761,0.1513794191997228666859966433212060289956,53923.0593184590380285736715949457724888,596825.7205052597810586986176217336641422,0.0799597028481740376676216089210871085982,93535.1342369459676349099078736399195079
1984,393424.8543163614553844466963790518926468,0.0682913976241416437810264415276962239579,52660.364996223732484064193717538671677,215232.566219110745993271061169954248716,0.0746616193243780118067480026533688427768,31496.4393735100487270545245236918178395,178503.4294384723596899129828781448370617,0.0998996574746466764302018208942520863818,34951.565659548175668679096117758499605,291489.3220531007941813515389950932835257,0.0838305974256137451486541867035428778125,47894.0190613611919222281334444990441904,121734.9364547222232220919743680398005915,0.1116650005007450069867696156375918402277,26643.3222107424485768315209304165347444,56768.4929837501364678210085101050364703,0.0949833203158551962422884775809330014728,10568.4375077308783076990533869019559768,393735.9956575831056831840440480990857821,0.0682655791497748634363420441950703207262,52682.0869203291768021481493029099041416,26525.0136879833540154724887678048490382,0.2407865811872190820135773778672805594457,12518.2600292724545702657171566380916048,80770.1450065002328565597871990981520728,0.1420967325948304028410558996177726132402,22495.2604454033058862902790902379563074,107295.1586944835868720322759669030011113,0.1256034163021525155702473530873620140659,26414.2114300291323112099578811251159071,501031.154352066692555216320015002086892,0.0619940632580728191429807304741031556726,60879.4758712478476331161842984251939892
1985,174327.9544283341297495470371198025782921,0.0655549712606918131272810882945505187497,22399.0055232698865065591258752043237033,79985.0541711494953301835143371210513064,0.0758682632420382997666886892952607111742,11893.9212047595083470239335572518052968,94372.4293380144192297152538236250231587,0.0817110868354408094838495704241238799289,15114.0965862795961545338551369950964055,138900.1834869641221580800757745023805474,0.0755368948926944317114945036802022721796,20564.4935788363280939603641320874538114,71999.8540384512676480316527370677142843,0.0851353254265050727348111255387939222671,12014.2727682798517368275015416954996949,22372.5752995631515816836010865573088746,0.0865613003228600627926681378290884230339,3795.734450622522322154158225216429802828,174357.4835091639145598987681607460744656,0.0655449394345421521531617348964665733846,22399.3713652719684638660900336260104637,6757.853835247230037571503533167767255525,0.1630879043415850749095451462759466398526,2160.163470880939591261157202361509839372,11209.6701613846524497491724636781419667,0.1350159460457069237619599747994383999109,2966.429074531374877300566604584265543079,17967.5239966318824873206759968459092222,0.1152514564578643784812929074327702951182,4058.735286724767410090357271296930712572,192325.0075057957970472194441575919836877,0.0620129277468374523005419554650580690653,23376.2081169590954986740670830791752439
1986,243966.5780808062561619683801893515702325,0.0676536054276434104541397931773382154447,32350.2284775819990854970861616340225815,148655.3378118434216155147466646476574904,0.0870549639470431347689256412664322795769,25364.7227445412724179079142000496286417,95339.2458169237276741048179519500920452,0.0989434089754045472004423066723265483282,18489.0523809302027137108719852488456865,142279.5510159773497046539286079622254642,0.0838113727041464369191599581486146317957,23372.3031776222412082971076386477836315,72745.5245894603642624287770037481261847,0.1040083281032197992434666908174379426768,14829.6351635012172122542400018495453812,22593.7212274633634116760409482019658605,0.0973506280160853467814667552889017688647,4311.045383399277547646983276811427684131,243994.5836287671492896195646165977495364,0.06764915769073733670192598087788986858,32351.8150046330042297651316681549463122,36089.1823556014283209069832180169647316,0.2144359622784570881274649698285696400701,15168.0843506815697243308050589826591847,28206.2745184701129694302448746154354541,0.1380591414574809428486368100091370375734,7632.502725718650763711783337953543391184,64295.4568740715412903372280926324001859,0.144680563984810214599148071310964671803,18232.5138059153582210140664106149428101,308290.0405028386905799567927092301497203,0.0735905268789337670367982733456548431034,44466.9639637781915291540865906930021037
1987,699114.0813964966566305195327924838529074,0.070772755263447785861986987214303748201,96977.3303764525701918747571722964853554,494280.8924553109873314802104035862211159,0.0799909428071847350371177748973347183312,77494.4694141909395804891287234604244047,204848.7735740570482267034088757215222303,0.0913312458178065461827721510787987015143,36669.8236417460599270145233596638923447,336462.5969712028696139428981163396209532,0.0827465584027272779752046777643947820871,54568.5989839974196619565847146705809592,142405.6291696785786712786135322617690483,0.0926669014810517338819123911828165896258,25864.7252808830320812143898872496763192,62443.1444043784695554247953434597531809,0.1002750252832982720787010390650409202187,12272.5162524786842718242528799152989458,699129.6660293680355581836192793077433486,0.0707716633963464853497945208821236085351,96977.9960134759145540224267586841477012,189541.9865831811504391258945846313337697,0.154813275468430155464788724644383670202,57513.4869322016114776258970523069301149,233287.7206326530858499436321466697618655,0.1313510747319130982473715478498379154918,60059.4819406402701467486996460412101571,422829.7072158342362890695267313010956336,0.1049002212833776041523031959181863929974,86935.6625101684799434117896060410034869,1121959.37324520227184725314601060883898,0.0742348978782309673699126467598517129731,163245.5374129079597348585666061336654044
1988,811941.5668020725726149526763503514718786,0.0765042686393086489967751965836638372856,121749.3116622519812071897618287611392802,552860.0120487584947249273878155389627534,0.0737917801308144759343957181731163716851,79961.187926354000559945492540200561132,259088.6427028373176320380646981708518038,0.1452168331508340748328627354219228354291,73743.1031093618225609474844237830791225,429063.7550376430563418419744382882907396,0.1122676017687404669024882726868572903351,94413.1192165743831364228639544166514769,192034.6095742536121505930614840834696694,0.1638746509354123431704380113349442089046,61680.425038538047475610492607922796732,67054.033128583705481445003214087382134,0.1081941719406597954333396063453228571184,14219.5169556722196685985657918007607254,811948.6547515958123569654525137098145568,0.076503493414813281759962793794950193592,121749.1407814322176124506985010895844682,59289.5579368478700621544175524271518644,0.1244771330098929611750486643387021376379,14465.1806112294237458071542127827211925,321748.7594230409388389715614334199403913,0.1298485978808716579892256333904397924741,81886.1055507438467594774916723188468651,381038.3173598888089011259789858470922546,0.1098972353179609005288366955871337324069,82075.1129509967503976632934920546831995,1192986.97211148462125809143149955690682,0.0695781535109690540845835512491031184128,162691.4281370317080317554128369785584162
1989,875583.8507539849006178701413553005991987,0.0684379767202929537360202520144406308639,117449.4469013487301265495904015256278762,630250.2492309338640571538382268294598852,0.073848355812237917271837021031277070184,91224.1715256769563088165473575089874832,245338.8778693021691848779927165100823752,0.092047470722390968414801891324027002851,44262.3334283681360290605277103680336256,487451.4231107422349833975313008897605823,0.0864796315060052353525410735828700444504,82623.0541174818720754609580550053634534,156398.9392991547691960675797492877979024,0.0886039488228444328863343254092979235053,27160.8246826745457658577080310036137928,88939.9385701473999888104129672222844733,0.1092177558194023341886410572106461798473,19039.0881669601245331625284901809998711,875589.1271002360332420318309433395422622,0.0684373017685536441383665055023462416525,117448.9963405817169585434571877838436534,40691.7369729041657083338817384504731311,0.1808066238835811671273418455080319266975,14420.3777407778144165748973003013837061,499792.5570038346658086963874303541963335,0.2306299718392239573165410076253906875814,225923.600960606321845116127928865818723,540484.2939767388315170302691688046694667,0.213687921277545074092044241629781480808,226370.1319155797575010392020919648547087,1416073.42107697486475906210011214421174,0.0947244364909044016516907556093697203422,262908.0434088767189535016834782533996393
1990,1069699.84277936174401102195724217961882,0.0882755371918444586915039717804910719746,185079.5233805442468296371867317396283272,543870.7423172692825046580577550648992179,0.0720203156054615635022866139657278340868,76772.6953201221315586502128127683307656,525841.3319806687882903258081135537593203,0.1190051468689178513358189946706111556438,122652.5368865294821664285907079320525471,822326.8812199748000409564877616226296583,0.1074350415409096211755399325738302946638,173159.5763823863031504724377314023068869,335629.6520956061657366369791560454393369,0.1190011034392716976146099039399593230386,78282.985934779364355312948144437913457,190211.6798850626225536888289575083199798,0.1278965777793558688489357677246744059993,47681.748905485229718704900994835304971,1069712.07429793807079498386586861865854,0.0882741822705049120762436308786230272224,185078.7989021307130582526363425991435492,72016.8819271377150727489411936865733669,0.3150582594366619381298954861328274330516,44471.4464012384250246909087176280247977,342145.2779634282193644191542436699311796,0.1450949519936361034665375652721080151639,97301.3632546676802676775767491537480494,414162.1598905659344371680954373565045445,0.1305294249669379944711228844034199769588,105958.2832042179813439746356233828987251,1483874.23418850400523215196130597516308,0.0764712111004327845488141928512863306928,222408.3732258793646437576025819184826518
1991,1129689.93760190898890375514653871493862,0.0990115491549719347781364707062453239383,219230.6075420272357687716279070220789129,559572.5145434014582787477469297511617254,0.1201070997770622755932633173350188497791,131728.9184000612625032689940283751617171,571244.0988624808984845098836243625393841,0.1329471121662648311501678813049761329937,148852.6964401427635330986828244499604288,818055.0495886556187107730058237342679867,0.1172786993003254704864082675329646239944,188043.2470567687361949517379563125543694,443483.7842863926482410913972785151683884,0.1563227918995870048922464573445806829174,135880.1817108124589860312988965253229975,127760.3145760882502434184863458473709959,0.1378235673149134648457544979626699717563,34512.4293396579570210210721700778258123,1130816.61340588235676325763055411370111,0.0989337591192665500396049318541810738407,219276.839339974167730524511421913224398,134067.787109809051058590083612198640792,0.1323894599299699183828122604393219599174,34788.3573817686536824780429801486473687,379795.9072386806936018834945085255417508,0.1740335246332385985401576371630665501252,129550.551940931230968843426013008114627,513863.6943484897446604735781207241825435,0.13717866100382926405060151508168275696,138162.621717245348220209898699740143182,1644680.30775437210142373120867483788365,0.0872366652156167699775831044845873284621,281213.7937728000051259268794753205596474
1992,639034.646074055620213125132800698245471,0.0642605458631666056328799452794454956034,80486.8417571008100635692419207811270359,339694.3496641613457966878840069188818712,0.0992606798244023777140415183945742599512,66087.8524771388971486456326672007802499,299990.6086120939184564541488049135513991,0.0861771929515869049336738657668319523735,50670.603181575675546763314841980866586,409119.0517342826339186578266887677423714,0.0698618987849485791806504690811827235249,56020.3942151790059031713300966254308441,250039.9254736383309475875016714648722623,0.0942573773398069968433883095789537269366,46193.4909065564578603216141399867459073,49950.6831384555875088666471334486791397,0.0685870413711580314610862325633293185609,6714.900359032324190672531341637699623755,639684.9582762552642531420328118324332693,0.0643097227704390823046988015427529619286,80630.4061612451002287221501905176782431,85337.4008930063271454587086244158843084,0.1133459047692577533624431546281093952924,18958.3840331543467648612703218274629757,227368.7068056627513713682061153335668368,0.1416111619096007685442123192469008497639,63107.9756351611779369970885363852861434,312706.1076986690785168269147397494511437,0.1066028967805133677450762741233834111218,65337.3387664091400457802043332679489373,952391.0659749243427699689475515818844156,0.0600311477210914627425064901998983785735,112059.3323887853588668529572586196929091
1993,698516.7262713958238162138350067648488726,0.0866273406699366100530924393690116592545,118600.8669643076892971821342820129107673,516799.5213122716912447001498502053878169,0.1101771810295934972559319841707372795518,111601.4482546336648919996331748203644068,181994.7989402867806772143572653086393179,0.0797967401852101388095187061527310952996,28464.2797047513386054562147062964024388,263393.4401080791726477341377868622631314,0.0735783963414488566007069461355748587437,37984.9311828194454058972287889160791675,141778.3395794360965159542423194184120311,0.0788201179391216035752485474287695664631,21902.9714758534116573944463869511523898,40216.4593608506841612601149458902272866,0.0925954165465651429168113015986961157627,7298.765220830117021057239446289526226657,698794.3202525584719219145071155140271355,0.0865949024034384916061311461127289591668,118603.5708862009875567048640813063444717,143158.3606591258404057644280960197997672,0.1679755820314590108664630892966023105774,47132.3335505969266709158404963354433477,253256.6903877016336349743401139329299863,0.1139335028982225708413350686909938719974,56554.6668618316623329674976594339346212,396415.0510468274740407387682099527297545,0.1022173505560143786915911452921920772441,79420.1726275264412862531388927807933407,1095209.3712993859459626532753254667569,0.0844347547806321334692482445383074109385,181248.5200102633239902805547227544296743
1994,593064.6274004574817038354273877264508402,0.0636882836603708108766306368891184508216,74031.6857088724202728999083060689226597,485811.9672341616501204378458669844444977,0.0751378795809465405000711841097483160246,71545.6469423254414855634832573168263551,107406.1047539325795427509881532545232706,0.0831741999971621568074390905959075796969,17509.4970019306854494109255675787987559,197410.3060740812349638788239901597779863,0.0642542678450021852092835031940547855283,24861.5311764218398343222446463168922384,83713.246527371645481249240833332998462,0.0922626903959037801625718010284210068441,15138.2743189260804877204765494181669882,23692.858226560934061501747319921524809,0.0873032949226767030787221712367364656495,4054.190595056647654550219115755376888264,593218.0719880942296631888340202389677669,0.0636907027281878682020468629656226151125,74053.6527169256222846994015819769407742,128355.4466975746801564656323837936447485,0.1377813928649532943227723969826927234689,34662.5847664784134856516645078347150201,226923.0252733713354437044363161369744453,0.1197740111181066812112175263042144670604,53271.7826660124762181734995629399695591,355278.4719709460156001700686999306191917,0.0948498133348389411944642988411725094367,66048.2696267288352575514811481659824177,948496.5439590402452633589027201695869639,0.0649851822987685216669989622460092267936,120810.912805103076612181764176174947039
1995,744507.8050447373558331969572531055362322,0.0723768627018845667866933180922782955227,105614.8728049606193793423286953591301725,644557.9275481215769349687910121471131893,0.0802045110326522496200063568531461547613,101325.048685984901327287645137910657907,99956.9555679025768839981391889313473025,0.1132553886833124454088927165235022337951,22188.5011547090609344200259632045681741,251870.0621904306393636843805008329315558,0.092177761103531059428864222851293685389,45504.9641065732116250909025650118590437,64160.2044338135889298835749411288144642,0.1089634056113698360347434590000996968799,13702.584184466877321464243270754183219,35796.7511340889879541145642478025328382,0.1480593491719761822933767348451392148536,10388.0856037534550916794739359950265576,744514.8831160241538189669302010784604917,0.07237583793833960544982026885863049536,105614.3815052509471221683277479053252423,55508.2889114367142321724743683291021731,0.1261156528410446864708159683519975057173,13720.909624544119315710590897886335007,327792.8608578519086458436733405827296116,0.0927935772600891775749668194543578646452,59617.4614322647357605790205264276126705,383301.1497692886228780161477089118317835,0.0827927621501610927380516425102259329586,62199.7394124746952262964209029932344219,1127816.03288531277669698307790999029228,0.0595778299587252314293130394961211896765,131697.9503906518475840893496943398881563
1996,778335.6777216377517259809224797697341911,0.0673588759252664208810547521714562671785,102758.520033965499811309649857481918241,578138.0646765212064162484181693310971993,0.0609770597551413208470003785233305588717,69096.192260343902967896968996799580589,200200.9049418706980698346457864604018365,0.1400254013140383815565755885851042686448,54945.0956335214249485114465561929390528,475812.4729672186369975696510222430579456,0.0966890208989448784004028549979352588095,90171.4505997038536682864771800272415304,121529.5591269770537740894497704305494195,0.1592147516132965152544087180325909072392,37924.6251973471648601764253681217898116,78671.3458148936442957451960160298524173,0.1330846666791797812149692654284206687619,20521.1016765561075935346675311711796068,778338.969618391904486083063955791499033,0.0673585597237934573251571149432387942465,102758.47226197677225391120408513776392,18176.0449091046422430358072155103339766,0.2428730336365060537051349919066177656676,8652.363486511728130294767627843705957063,202420.3115027714428335575846898552728516,0.1006267332753127609174629746203301932452,39923.033602386406904730592122400625821,220596.3564118760850765933919053656068279,0.0954744310106037899985426388459325249578,41280.1707584150074739398671457858262209,998935.3260302679895626764558611571058648,0.0564147054467399293458572294142866176982,110455.0986695477458809699280418445845088
1997,724400.0458097955783565136692492969992562,0.0598888856158037154040761808909377631265,85031.6825078282050719434076331466549301,387656.3888853305420488827461135646976423,0.0528096220683286757212859571950763426326,40125.0952832384157178506684499171693905,336744.9146385183256987793671357917592795,0.0973743291179843385230505425303005978251,64269.0078877645060265476504467229179538,575695.1300321934143297263834280318393017,0.0718411283272032404009441197580605535362,81062.8319194179759292231289458008598571,236806.4459935479108896819022037377222976,0.1164358453408640427219564058071701866372,54042.607093991859429752215364076560197,99938.4686449704148090974649320540369829,0.0818896271657036987419280314895672513235,16040.4909162220733278230088822257718963,724401.3035238488677476621132493564569208,0.0598887352453177333799081448481873606115,85031.6166410815602426820582080058685193,10738.68401783564529298367700728168506,0.3388451221732692827994760876784318467787,7131.951368087160827131502304959845348744,207946.689253487292694980534531935881107,0.1325958911714520599244761044423163244727,54042.8380923295548917459373719164197729,218685.3732713229379879642115392175661666,0.1281592797647320432921171678588922063836,54932.0574697272896392115856182565992448,943086.6767951718057356263247885740230885,0.0561424696386998205649218208431867076542,103776.5416325250776508849069912276743021
1998,458974.814346801852826173143986020249615,0.0562297240277967520963989042827219985913,50583.7332070026384959864723839827970862,185964.5148112833798504395480335509403525,0.0657298025388016501870184090866927412618,23957.885242028634304815469285874869737,273054.5717907196779868069066727997524395,0.0781396725116584415398307250680798510058,41819.3338423744112816163296610966983931,374295.9246065982396584021397652749749596,0.0673036487842801843491405427467869457182,49375.3036441754101759278856658441165881,206708.6077842100649833892368761749672596,0.0863187138933150208157910904076176229923,34971.9295022369696412719780326865086305,66345.9640065096130034176697966247851777,0.0781853616253519113430252948584054019152,10167.0750489338102542573490269920648614,459019.0866020030578372464547063506927917,0.0562246761704076467456869461625913990203,50584.0710204584934647365085334019911053,26044.0906894920580236134053811311052503,0.3376817085637894804542602823567766264655,17237.4415623552019225792380604517140611,141321.0424966093409656768079364789433472,0.1926599367464057830959845725299802098192,53364.7300923324433105412804374748475211,167365.1331861013989892902133176100485974,0.1736904117310367289314189866791405088346,56976.6490293269519201407467487537052947,626384.219788104456826536668023960741387,0.0650827578578211139846120177569074188072,79902.9525047616299883337020581520910885
1999,179924.2330256321398633354172620851199017,0.0524306601374424245284242477577823355462,18489.7507720235491442658153608912914313,74207.5259676077476524792706813400823578,0.0504952907046210608256991363260790644428,7344.375968561936205310087938688283607027,105735.235799463851435717253305175208627,0.0760616486557483216934613003086469575287,15763.096857586582092937710357714296185,139464.0782444074931525530938565142017209,0.06466275343930946888962401897408123362,17675.5373581110235874565369952018441112,78975.0088438833924485622080668659689587,0.0887310511215529169205178542094456571773,13734.7696722213536035200535496289984945,26760.2269555804589871550452383092396682,0.0666278841635902451808846977457246815908,3494.635511504088123132003590620617914485,179942.7617670715990881965239865152909841,0.0524264179704266511202612903507257630543,18490.1587007406722665055911506751824841,9630.280074927494471842925624776445771464,0.1343318016795710249186015024739365216102,2535.559631362013772080061041552508772415,60391.9932523235119969334642091932367877,0.1643736209919141779485761972150677278891,19456.6271952151803024234861277241417415,70022.2733272510064687763898339696825591,0.1435942641562078563391218107015987341487,19707.4017534240785139868565508587322015,249965.035094322605556972913820484973544,0.0620414467382830915746717381981573710247,30396.0571260254602791300900511215912794
2000,236434.4141703842764823895822711260827419,0.0766964442545251576602771602090028094614,35542.0105778895736989790943031478282248,141823.1523922931574288758286384046396723,0.0805027652924629158579846003454280027655,22377.625662144994034915266011450486881,94633.8800523700333241558565214403965402,0.1118288279827666194735486378086991908428,20742.2799516877852553155217213963394397,135785.3732343171492425715062923287831779,0.0985061845034617123940419439193836729221,26216.3700962344712187449566927391301799,70890.6373414965206955138760371962070195,0.1104927356860806096544825849208183066988,15352.4848906078716513331760414976498598,23743.242710873512628641980484244189521,0.1291800177165191144947811376034055991654,6011.618927514977229748985927001301501839,236457.0324446631907530316851598450362116,0.0766888011636763608751157640683096054678,35541.8684360074212222496348647729378444,20759.7242063826899210868318153900724712,0.1348478925956784957356118704003460519359,5486.833917792471937853133984003691838151,184452.6100263291990765076147182937522793,0.3839485229165474362636590311846153169517,138807.8020487136460491771047164188827509,205212.3342327118889975944465336838247506,0.345832031171567386137711238484798548973,139099.2368035483530749223862602929092994,441669.3666773750797506261316935288609642,0.1830199125585271031373446664706898467991,158435.2061833835335474741928287088255727
2001,427683.555345519712699247928387818227293,0.1030346527589041247531436619054611025942,86369.804166809588091906157532628278926,326060.7007821900137154138937001412844513,0.1202156211079703486752822262415982322703,76827.2757403248497514515679045123163707,101668.6602645748436305440540203722885908,0.0769311443486812990127602516334388777672,15330.1133019600500111533375217825755587,194153.9327772377246012866574070708977463,0.0874877618444991755723331478061911449363,33292.7423426962378510250867280319422461,70617.8322381748641250975804931114747935,0.0698948233630219980197696541510738591781,9674.208984710834950959777372641472089052,31050.8280263999795054464735272608137968,0.1150593370362570156874521516955771312316,7002.46786680304457524077136429703152003,427729.3610467648573459579477205135730427,0.1030275220425288365161787979770648032136,86373.0765000253892188034440276696331478,33306.8111670977098629333319255396893476,0.2421434947994487636618693080269477291926,15807.4542069876387767425073989833907334,159868.1198063140573374935238498667224884,0.2211416768676827736166594941417118318731,69292.86801963772327165697060098492807,193174.9309734117672004268557754064118363,0.2014167579718785201964947714360705908906,76260.9899034877941601508598293625193611,620904.2920201766245463848034959199848798,0.1194189894376383162317778727909033902577,145329.6156574618672508898949237911776622
2002,250104.3413195666183557726965865174822295,0.1372541394087556175128188664301982426016,67282.5980152131572871877204576360847494,154319.5615876041598367416165490590775065,0.1305049641826378811999402500011300467621,39473.3589610344965043435269010580331542,95816.3232299254591262863882090839268576,0.1930639258832133778739003034217265400013,36257.4040318701163797473799990844989705,178954.9408812328949741406192082825954335,0.1701751697324945939769627533056454721175,59689.227380307393439445238293342342831,63762.4650999161999084294868214798256313,0.1970763716357428850846178219463286687757,24629.507526146654385391917570594944122,32053.8581300092592178569013876041012259,0.1886444482741987736599781463933742258752,11851.6934687102735595075328242668220657,250135.8848175296189630280047581430043623,0.1372353616296932324793422971748178907024,67281.8776746140617025719487002450791397,7753.051525849598693437058740575283396088,0.1800031571714390623581554642096190980233,2735.324554636910681775420251899696048213,59877.5217795669758535505398792052502672,0.2186303281200189190608193498674014535786,25658.4427780134018549540971024402176398,67630.5733054165745469875986197805336634,0.1953659458503101466707146570637493993242,25896.9134075344330071053933268177310775,317766.4581229461935100156033779235380278,0.1195047616021820991979449693432217446624,74430.2254533788339057537218837904521659
2003,245850.2993563733531267702692314880620951,0.07045431170666344795551148342023267765,33949.5787030996786236564785276018591946,160851.6203416714231297564548558950308964,0.090846842689609311776359112772584948868,28641.2092251152265900360775602476034262,85219.3895470506212408434901139594922696,0.0823427642800015418716286853141676435012,13753.7122068944966759857344642503142343,139656.0739334176432688300863480710071098,0.077683298099457224820992178993501524869,21263.9310686282601473135617475320301255,59886.0997277774067230706940185821473583,0.0830888288973466180186901797875193276173,9752.697151477036340038633232084284478794,25333.2898192732145177727960953773449111,0.093100811248550577155261307439050012916,4622.757674187207675686828871921319222867,246071.009888722044370599944969854523168,0.0703994249750049183307960487733610987581,33953.5848944021706030483399932163293434,29761.3569679963313947725910268482147789,0.1466172355887721509150878064960991288271,8552.514656595796960670606213742574681402,77789.8686142561370596308592273319074315,0.2841102271325103095563601374680249848511,43317.7585915847143688938609291330922662,107551.2255822524684544034502541801222108,0.2105901005978682361804476858633756580327,44392.4778929895115061341322771223995445,353622.2354709745128250033952240346453761,0.0948538398126998468367042715333312365712,65743.1566800423787471237217433154182945
2004,258500.7312815104994500049544910038896052,0.0724015275265434633833082400803952843199,36683.0617105593988310829931427411200044,175844.3613646765433947366473492375497864,0.0860928226234002526701530445214714494867,29672.3173280966203251020104727743011427,82732.9980532154851801444514520715107769,0.12246173883029600288655116026101444905,19857.9885284709142923955624979281764392,115652.4422246062937842867427969551883937,0.0987195987900902807437108167008942779466,22377.6388831941699701157488326282772654,67199.3756320720622510908650641741387225,0.1378878198151607820530050795060629632737,18161.3117817390590683633825133154955305,15533.6224211434229290535863878973720541,0.0886975829940436186457934569588850113255,2700.477737239110841154450409207725078184,258577.3594178920285748810988013090605647,0.0723859849769326037087366342759344562617,36686.058634228931993183917056991161854,58574.85026918309590587985639401781414,0.2498381361155206992889191768500274784219,28683.0935724168847518410824993588695037,94238.8351997595369710817246905362668616,0.1967054871571945053603875354960183149189,36333.1001347067274120025707949777436158,152813.6854689426328769615810845540810016,0.1527012497013600915900159876447294000071,45736.2878554530979252773540858583096283,411391.044886834661451842679885863141564,0.0866793711734793537865904259898716234495,69891.8694712952366221558471194665307003
2005,442000.0672539645623579545370855652908946,0.0843388343565230471179663808672466144808,73064.4300971001611858265985969625624958,349992.4969144227243251397785903902705579,0.1004753929440407805023603287992375242558,68924.6419636875031291823280166767240619,92018.8579478994406043679545476352168874,0.0747885708327790672669017076794834252283,13488.639396152308224458958865329314718,196857.8959500297900033500068122747499455,0.0818941684639068812191133369256338209067,31598.1668409887038909052521503899981919,73368.3690295237902279688009233425043491,0.0768349168188961596074865024828589291286,11049.014961782213651134594482736956989,18650.4889183756503763991536242927125386,0.1040924651512625152862444172637602541791,3805.095720868449213187817509072170503753,442011.3548623221649295077331380254874475,0.0843365865606335950379029996161535224941,73064.3486246531660387902859411199447217,95517.6341843701235017491929422775761196,0.1940693761881669039037885228047439838261,36332.613455015263174881398881151375037,132779.4055805191737036788893907283443985,0.160238581705685374434614105249484617799,41701.7119146948620364537976545547188492,228297.0397648892972054280823330059205183,0.1208590290021749196073652602176305371344,54079.8467581086554632239693468410491301,670308.3946272114621349358154710314079672,0.0850700083834130009461770487273944131881,111765.3558708016189200905022454949132998
2006,398707.6277866879897200812885610197456498,0.1562765399671765119203783699281321665571,122124.9511168879847691946304662148639269,221795.1122204114025821782743607468581036,0.1057172365813500552202165068748255008864,45957.2300483369413215316143513251262046,176927.4939458113043378163254666499185699,0.2479095245476289926464991427920851215881,85969.5413708787915651139456364210114013,269299.8708056857086675712643328382496368,0.1887213027915421358139576389805841520177,99612.3400216842620748044320711713213623,141303.5678256954820909191871131188770767,0.2627275652530443999772313677106399762187,72763.71097937025415363313360630043436,35623.926120115822246897138353531041491,0.2023727360860402739256149992938570421178,14130.2503421474000554827606593677736206,398722.6061662227069199945998273967766712,0.1562701487255659091165103504796368135678,122124.5442930480958697098336390844799714,48016.6628358784073472838057060158616312,0.1634577600875850394728524096714338007059,15383.4444619056078780916328522293459316,100871.5242034970320935425915553956582802,0.1559606312487524471511528868668967613818,30834.69371601036772982866522653196617,148888.1870393754394408263972614115199115,0.122483375032156950861520235912690551771,35743.2021959634335854408575721104682366,547610.7932055981463608209970888082965847,0.1319072385897120412083235415981513777173,141578.3020051977006957818456447162135282
2007,440995.8987094161683861046886529663154889,0.0905387570893690414366046846508377623524,78257.3522792932566599696949984430242757,249619.6387635566043223635612006698491785,0.0871549324685001209897821360653066325447,42640.9422081283749444362252428992643881,191391.4075481568864485649828449015865379,0.1520226194897157609943181137221027729848,57027.8133216573519001909426494899275053,297231.0189243991878738775790816060388473,0.1178875634743400266427232765309067124724,68678.0875955860270292167976233699871807,145087.7210116597307497836294202240824,0.1721253295399023373538654281230985785853,48947.6127109976736263211487577469081262,46303.6865364971556987813534246775041378,0.1138624464209222412628937261990859571769,10333.6120136120484337425699995382068141,441011.0463117134907709285440455714357132,0.0905349575543910479089464602166918947158,78256.7560633431885513778382161297684352,51786.6324624746326558113899896135427737,0.1880619857593186492004930175860502781664,19088.6299958947075453948484795158117542,112700.189684765381272023395977386648012,0.223131286836051034585146142777896954188,49287.9991680163388581785286811262490363,164486.8221472400139278347859670001907861,0.1644387741000109335379864201945797207531,53014.102323417404982889449307475757266,605497.8684589535046987633300125716265014,0.0905850845472948068901577644862941451482,107504.188190819741821118875412110004358
2008,358164.0678871930781133581612435146471538,0.0765500397880913453975271934804035196639,53738.248348961388534178668300575772066,220842.4759340518749754868324631440754445,0.0974338905175917105172271146471173367085,42174.3815787128933278727886717788562699,137991.7232688413485337663777405211573542,0.0892845325355041942368364766512839896751,24148.2319514212268703784599831382938372,223633.5320137628609921520377552283631765,0.0811615618836496349967522102767326787,35574.8756256765461891324362559772114107,102550.8900507478296896830651153678276102,0.0977935985692816505883843310891306855907,19656.4883261089307143482319448495897144,35440.8332180935188440833126251533297439,0.0880066505693463194618500825079213063719,6113.296888826026345862432502704602691691,358834.1992028932235092532102036652327991,0.0763639698795394275403023054092422431671,53707.9278001696423991657343475680280377,17155.3799835196547673873913773789193106,0.1286834363400403838515828160690842771852,4326.921966076970905685269349187931628362,102631.3846224690439838326106735294629362,0.1646049486499884326037530548658142100502,33111.5222394911097088289128551045759198,119786.7646059886987512200020509083822463,0.1425546921773932635676951367128832118334,33469.2840964518674067998182636565260356,478620.9638088819222604732122545736150473,0.0738757195906449271911851591510908732368,69302.5975005963828317663280431233068539
2009,382851.9845663653456861072205672144033567,0.0879633305414706687483855707757810511247,66006.7939070636749591772193859204633158,189763.4720731428962056706801702017094026,0.068329408545815579586126407816373816708,25414.1945883021627303935675131439173127,193257.7118948392549040674623076926826025,0.1443471540417611631238718213003070666852,54676.5533889396147059678024096692034637,281384.8820420220456712737650017174931733,0.1118293034924095760990674569378049552379,61675.4677292241790274997378116947235975,146833.6036411536628126911078123888628632,0.1687765092067024804782013203655665598191,48572.8435913171691032465370883724362277,46424.1082536855920913763544953038197392,0.1155485239932126850820545926674324839814,10513.9048853724056600952339909587095755,383021.183967982151109738142477894392005,0.0879228711811078646432248689269294384928,66005.5915465985306260147101059715166503,57488.2570806776668596992957224755330822,0.2300720800176864091008548326394147920685,25923.8280509602789360768472064594756031,102562.9442295623565776699759552425892378,0.1639294737505317327396837803745238917464,32953.6553687602930685485198441571480598,160051.2013102400234373692716777181223202,0.1345870935018337985061788290286499532117,42220.0189518113124635372193289362889093,543072.3852782221745471074141556125143286,0.0856490449850840016129074805473302544897,91166.7170674285905808012722155296481517
2010,491345.3825016568386333905622594649618979,0.0727406922772513485311867050249957072438,70051.9744099867037844872878473057149496,293618.4845345765302826201255388759077888,0.0873610505022291188280084099118238697099,50275.6057413937147105136703824558343299,198065.8247725243036076079586750705922911,0.1152381690057669738343977109305269271991,44736.4962592294540619970750548235112297,254832.9848642810411524198687182388661521,0.0987980167845873317533167823007424249927,49346.9072911399464285591978392664560602,160930.6968498695241592684066358793597216,0.1316478741067700720409968190437073156995,41524.9208728605481732863156599511675244,37135.1279226547794483395520391912325685,0.1009867305759566766510142732296330698704,7350.304110520494962975029126174620004821,491684.3093071008338902280842139465000771,0.0727161670526933059541262360147780837911,70076.6608106160097216802390931697796063,179305.4166132458034376467712148575030416,0.1256776702822544199037303769839840612338,44167.9865767258693275760671801351420819,202773.7416250794497856374183093892970281,0.1175876273081652730268995727936492950649,46733.6189898604016091812295489543832449,382079.1582383252532232841895242468000724,0.0955456618938528291924545346690884792231,71551.7718966647601012588530444533244708,873763.4675454260871135122737381933001469,0.0723510495130839821886084159638204970162,123906.6996500820210685737577147017450244
2011,496174.5363091195829601031666636094269849,0.0722415972003585292117896065390664194284,70255.1043465114459419275280306112804913,289683.2868096063440578748432558375970396,0.0990087401314043786560808845955681635554,56215.1074377210568096307661361970526557,206574.7479592499866122268933266686970872,0.0790725463130773069288256935617160973726,32015.4069972353302664561201465908943582,273567.9441723802037287599785316369053844,0.0745228540144219927802671494802502748175,39958.645374504317914641049602138560896,172249.2534671608816412099670951684503281,0.0812311936960218693237397747571891633323,27424.3444458767797678993595446218826799,34325.4944920891049710169262315002467578,0.1181915770701170715869553501280914491542,7951.689282353991851380866982814047814856,496258.0347688563306701017365825062941245,0.0722335313234776967053713119778039169753,70259.0817860471886029547774933115500869,74165.0773894472201218746395786498452761,0.1217212581589060724746570645109879246764,17693.8344013404593323241469683390780332,341974.9917656150590815464791759492424058,0.120785137309740581276410858401442922506,80958.7728203381502825340173780379956612,416140.0691550622792034211187545990876809,0.1034299492353945469991393042548762573353,84361.0386059424686856887900457297722426,912398.1039239186098735228553371053818099,0.0681853279911913759902728627001845331624,121935.8413902032710051578403079697756217
2012,345021.2510168829097524486904232223570716,0.0746388382378462140748730529152612193015,50473.891272806175907618417617702228486,224423.0954276109946587114597872411685472,0.0855261664079716089024381700129252625665,37620.3321304545424489849268915148305235,120719.7620369735065532068214612378771333,0.1154317350723974366823358681811277365805,27312.3875153313831841439928141853252919,186601.0879739126893544887952423059262323,0.0931202581344165877092720938398636349698,34057.6293013757076844915710526900172108,95905.6312993156344035704820812007346578,0.1237178961616331628330701201706461716049,23255.8761514330298155022252881974149848,24814.1307376578721496363393800371424754,0.1083027763614544463644931854907461109482,5267.380933693528232515764756210076999705,345142.8574645845012119182812484790456819,0.0746082830961455774759437182079618771108,50471.0113959274708814664038211382291488,73621.4230901949372935591000157651073054,0.1286131420686824384751606201846375102993,18558.6177925077255137408430990739113496,284222.6819521799653560796263489717585202,0.1629304225746811548796216367642762998701,90764.7024845246539780402752030236052023,357844.1050423749026496387263647368658264,0.1315516835471560484467752287001969244036,92266.9891528695516215402902681762785427,702986.9625069594038615570076132159115046,0.0835127746121557216831009116376273695358,115068.4478400502243586824010623262313219
2013,291055.4472674283929268525043305922608445,0.0741108421284907742554517883648143613418,42277.9140340243680045421713517522235716,189607.6870700846689396955660941992426559,0.09148099460252503378422061630454439428,33997.1796030131156233733453543281582502,101537.737525301304274090532486434403545,0.0957607967880688363001520748005785872373,19057.7359129820733909096033860376451453,173119.8615342321849589307124124022568446,0.0886564368264674253035511479169917402713,30082.4525323322297422692881976250676653,73625.0269023724219899319444254758616899,0.1074234635524303186948403909812538630545,15501.7485722276629004412848306650441771,27912.7106229288822841585880609585418551,0.0885707910469385870534777641727382023659,4845.611685868710194728319859808737535516,291145.4245953859732137860985806336462033,0.0740880737979770615286820480550560550967,42277.99125859799081185977894144350825,61097.9692354604812039193404149529799119,0.1449918440362783465148011088317667102298,17363.066163589588569990264688098360586,248147.8158526160326765169938659715502397,0.1472652860498365824604637377731178791064,71625.3758049882390553343608317123388693,309245.7850880765138804363342809245301525,0.1212366500986672756507566880780670034031,73484.1691607731495910185180880562549437,600391.2096834624870942224328615581763543,0.0797133556929061252277110949697096249101,93804.0281826883779875229238634865199857
2014,385037.9124774754636309269178766801587748,0.1223438200006478609995494087986121433277,92329.7377528361479184926588468936893209,225683.7444921403338128804984095730164733,0.1569566784639385190039799964545223186429,69428.2390008294311325525410770291578133,159804.3824733451587175596008759724106002,0.1625055524663033866623674415371738122701,50899.4349423201139072781642202951989133,235760.1467727255202476653463779265259516,0.1265885515681693590230925035576734152737,58495.2895750183491516886622868758929055,121652.4181935789854147919766768066819218,0.1857956979641351657502601142216284871379,44300.8920567096912814134735135259649985,38151.964279766173302767624199165728678,0.13200846950472135999978701348324976616,9871.309529814633766722454095349772088078,385488.1269654854925304400992855454270735,0.1222086411236874153858048249978013596219,92335.5611249042334259277552458924526476,76921.1098513964082550409169921046603596,0.3167772446835255631898183268458342341962,47759.0401839793314341489539655535926322,203060.9235589341763322813970233485918931,0.1583014960675387524291177988707117190383,63003.9020647813952174775027306934719926,279982.0334103305845873223140154532522527,0.1428935100255874050499845430537475420106,78414.9263762827055277407287797351770351,665470.1603758160771177624133009986793259,0.1125446837514392976614488072873649710066,146794.4523412109899382350319764857631018
2015,238908.8550718598678411246501303722355361,0.0814683338244561827086002040890154630677,38148.4724628812865684712588731519478277,166764.2630087419414113820722286441146132,0.103009527216015590674475889845279822823,33669.483462553258653067431191162555098,72295.2077798692289118730813007541263468,0.1090574919896815149467486793735005884367,15453.294724957080377520796556907269913,120366.4622762820242211099437027361998909,0.079878569175522306801015694969419328127,18844.8135353638241166154723541161355566,53057.8636209727777823626036050522740059,0.1294907492363743282453400839256710459337,13466.1849257958225913704405854400043679,19237.3441588964511295104776957018523409,0.0840947148146821635111413373110034186819,3170.80758283520599494150424542524864662,239059.47078861117032325515352939824096,0.0814564636782404074213952301776820153939,38166.960634494483785570058462001024451,70942.8808792572012393032033861732060634,0.1616487185060269172293563880793583345328,22476.9385312649874992706415944138055293,147953.7522039141272025647531444239364696,0.1334823322245066669604686182846127993259,38708.4553348685939567441037200308076194,218896.6330831713284418679565305971425331,0.1061496077898291902591990020474275926514,45542.1518266538591611840791954496467641,457956.1038717824987651231100599953834934,0.0789183651759794447143845247251644686401,70836.6481982473263901115470053687291702
2016,244043.4872906792561166406968119461760691,0.0950820192921602534907618630321857672069,45480.1292307289240987012321082438387217,191556.9460454521351132222651854741838735,0.1187368199685844267913137215433267925874,44579.9307280081538179249220330303964791,53173.575365282723055430149274290285973,0.0836703063811617704280475981786877101509,8720.136710702202627931693044899000509099,92808.5546498580920581350178439882105892,0.0765240099560246116130213029305406680804,13920.082209658790001796954881157239582,37937.5094603494833744228832381353072883,0.092999035491617462690887559360950552611,6915.177505982565122225718472129996050342,15236.0659049332396810072660361549786848,0.0842784342928317040754564395146812241244,2516.780687330332136130647031488166169544,244730.5214107348581686524144597644698461,0.0951079433846010497189370940696476014676,45620.6004866394891868314802768513719085,106097.4432703035468056518909770429852528,0.1854073676281227273592269023395567826254,38555.6454308892880600909474820375686174,90686.2349381461064175666053289873258862,0.1500881998744206382135868633713923359772,26677.4301603000762480367858317261566622,196783.6782084496532232184963060303111381,0.1278337917054982892730166026166656237847,49304.9833130358812446619364784258560004,441514.1996191845113918709107657947809887,0.1000449142670567334214480997377413424916,86575.6504872353947195599984502335093778
2017,410021.7192681432837146689590431878059226,0.0812095955265851380839676841858372120088,65263.4880386066740161316749883659732576,355877.1384670695634481739655619439899888,0.0879722042984135852289168903399186104766,61362.3008075053328692864635884257583393,54163.7546219419458849922975926990273848,0.0896427050512122503527402586002913995589,9516.555540880313241921718913634322500678,93567.0425547686272499824068119557776143,0.084254974334187558937537972855909266259,15451.6379871966169941578138346058985568,38237.1570598280051201831245888961069506,0.1024773850239469077182921066757239242089,7680.149977832603404568859398748331206218,15926.597562113940764809173003802920434,0.0886332321324999330271958222537361171448,2766.786604855354767842661094459509102326,410040.8930890115093331662631546430173761,0.0812043831016812106292583202233146503584,65262.3508287209722996992996570655725499,133934.7195415593775594719846606685840603,0.103293205463798084905448306096197401168,27115.7111485112318540271439670423617675,194246.696642021200142308802282325450472,0.1494051645446544602512300056898253153247,56882.0609611512425712105598878685687395,328181.416183580577701780786942994034532,0.0968855253129884489782613378187270778173,62320.2166536171184470478292646576501012,738222.3092725920870349470500976370519038,0.0785173649698952782185923927116175343561,113608.0101527070395142959552821646176732
2018,984051.9309748544049933299470568356147508,0.0811025980509855997752074454060282728145,156425.9697095336919417181525950721180596,897456.9565947902643114274318159588372153,0.0855518376484575271896131568106932097455,150487.0200202695295252984052333444384542,86612.0355491088554924496870110357868135,0.1346870163266691947724101713385184859992,22864.4126263341991471248261348289570311,247644.361575704684278039537876657777423,0.1157416128447389845300539283622093459001,56179.0053285284227640374408458257226992,49884.004959909010335349002922661336449,0.1314966486015739028293010955301888423674,12856.7757632625566013054762723225342955,36728.0305891998451571006840883744503646,0.1553730053110986667914018317261544387532,11184.8272039318060020239607125026319389,984068.9921438991198038771188269946240327,0.0811003267079658381899640331261584121119,156424.3008614558173187476774460555431268,164631.1088993505265900112187375530439103,0.1653230324728633609052399326084356351139,53345.9357587172294467070138305740701885,331354.4463743299941316438337874905718412,0.1414985527909151113882125390380171176091,91896.9022606930626857404591101270246732,495985.5552736805207216550525250436157505,0.1117672917567832206188723397550862993448,108652.5260363102193499294574320061902355,1480054.54741757964052553217135203823979,0.0789551291469501250592797762376440243211,229041.4799543362037171507131658736838327
2019,619725.8080416507771447033761635150055852,0.121045386914144842491431704421701671564,147029.3024215620402105097469813109026926,517018.7872962228333056411180763091132902,0.1265623571466477942950044873644483451828,128252.8281622501161430404450157052823756,102708.1999129052101838074866747426208313,0.1495593048169168965012996847184382339357,30107.4952768232144314531036076907751648,331603.622303274233621179987163681471673,0.1302048772262687135627179667027573433716,84625.7615023762545017399837918120036312,53953.304237214640489622793263669123618,0.1487718880214247069818672201127631794793,15732.400475274921095301840835081506611,48754.8956756905696941846934110734972133,0.1569083242035191652985961517274119780472,14994.0959952924205906945294151554941308,619726.987209128043489448604751051734119,0.1210451636807241199960023016030411724001,147029.3110240182171508073595839215263011,9059.444019775853974572627987204628846668,0.3239639415107963662065483725395916732987,5752.469057384277403776579668571873712787,212203.6171821474210609402887948063717064,0.1334574418790500556096712696711417181788,55507.4977369568292808020532200912575455,221263.0612019232750355129167820110005529,0.1296536635638426174684654652890641459871,56227.6303325129545077572492825127495077,840990.04841105131852496152153306273467,0.1025442635760173958891822783771096336364,169027.8621705781332888322250162631557067
2021,138274.0240832870288008476550420351067236,0.0861472554966542736612559509666490942564,23347.3782552567696549816823999590792385,92484.9968368579828775986840728968261651,0.0963426657351780229768906901988268061968,17464.0922261139146359350352493092915921,45796.079616599852253687173960963825797,0.1137610004667111068621153216988233628696,10211.2233558896074080795397653585745543,113493.8465351755246115719641853515661112,0.0916980290489844224581369811202950610978,20398.037591468470389960281605852448398,23637.8994002632970998303842301939496902,0.131167374224203648641026501777414949264,6077.021545156493166593656127101457581634,22158.1802163365551538567897307698761066,0.1029419083507000814679502698723113299331,4470.770499814890194882570430086691544678,138281.0764534578351312858580338606519622,0.086140753949064370745053067073354825154,23346.8069178745775571283707423755518857,496.632343444602406266733577826692070497,0.1728480234673288808832613539089044272964,168.25016115052045950462469044458578629,54174.3753484167971445397754568405969503,0.3544084452496817995230644750907928055991,37631.7180336259681932985647172053842064,54671.0076918613995508065090346672890208,0.3511333123046230059886049202014356948389,37625.7515550346381305918866170466781695,192952.0841453192346820923670685279409829,0.128816338877662439323049769674727375071,48716.5468744927737724676596116593853015
2022,116601.780385022495483902286543738550287,0.1093931577504789595541503621739004012823,25000.6564330651194801304471052279118421,77915.6913102784761977361192541786227935,0.1421605862004764184078246745931638524864,21710.0190877337272729785704416930323115,38813.3821722725002654391686605794447004,0.1341127523170080764568277114219526123836,10202.5242393165031063598391374544233116,64383.045369152631963147204609318385886,0.1057431815231938125497907840534479552502,13343.8133848332059151748126968073356677,25763.3373940020665756710481301589274758,0.1572962703980784042799718018614465749761,7942.854694764392419416172952538087853359,13050.0447782704336897681205304205172246,0.1115780828897394088512489173350259077085,2853.953996849952014029819740996284101084,116729.0734825509764631752879147580674934,0.1092634180463953999816712523893935707373,24998.2664060210551985811846373403645421,58994.3419336965363017921519013623796577,0.2696956180190576502824250442009312301207,31184.6103945743560023875022622227426892,41499.8073539120972202907590481284362112,0.2933608976767918612678455345265226775131,23861.8646479648590755735155068488872435,100494.1492876086335220829109494908158687,0.2691194597862757669962365108923060076123,53008.0650892066669272043420268762594046,217223.2227701596099852581988642488833639,0.1746338847504887268714923491530494182729,74351.6890907326321148869314460255363977
2023,94197.7696213025275125193183639725743728,0.0851641845343046856462076502571814235064,15723.661420107115779297378576809895151,66762.9870475512285890575234381491225749,0.1075111533121202862327357608967731213695,14068.4208426469868368521040831511336762,27670.8176760361615280088825315523483851,0.1002797182119610831296083580782468436561,5438.650726525017918190405382862041517726,37398.9806863841126878543379618540359329,0.0937132762255707525467092444881155500541,6869.370774931084023989428539224575488314,20622.8760110274186646445943472383189863,0.1080298367724313207491492821138309077254,4366.656421328787905989951645863899754699,7047.941665008742863364288184314029398545,0.0977615907360013214099611508972526373606,1350.475257628161031985188042589913848304,94433.8047235873901170664059697014709597,0.0849829496768261004989821921639092627859,15729.5160182470661523111620685822719682,33698.0180401476980561496178015695528805,0.1247560612068418828087866783329480100303,8239.902722285219205460337583368648444619,30413.7317076024582293341430819990196735,0.1810490225284988552048549490432368715827,10792.4977383266573376968996597452593281,64111.7497477501562854837608835685725541,0.1275372402691228773985753933637089478222,16026.2058380392718304066797536248329579,158545.5544713375464025501668532700435118,0.0955881887951979253936011492408866587219,29703.9614911532779862241210849276985565
