"SURVEY_YEAR","NUM_MALE_LE119","CV_NUM_MALE_LE119","CI_NUM_MALE_LE119","NUM_MALE_GE120","CV_NUM_MALE_GE120","CI_NUM_MALE_GE120","NUM_MALE_GE135","CV_NUM_MALE_GE135","CI_NUM_MALE_GE135","NUM_MALE_LE94","CV_NUM_MALE_LE94","CI_NUM_MALE_LE94","NUM_MALE_GE65","CV_NUM_MALE_GE65","CI_NUM_MALE_GE65","NUM_MALE_95TO109","CV_NUM_MALE_95TO109","CI_NUM_MALE_95TO109","NUM_MALE_110TO134","CV_NUM_MALE_110TO134","CI_NUM_MALE_110TO134","NUM_MALE_TOTAL","CV_NUM_MALE_TOTAL","CI_NUM_MALE_TOTAL"
1975,87494760.87976700093238759843496722065683,0.2673205224908191843840396835200387996152,45842724.57943365815698815615907543332234,46444267.78414589485240099702795655308063,0.1576646849229596054064843482319424584822,14352336.8594632545469288595394836416445,27390390.27346641363424329929516460973002,0.1643921074812623964577324403117101604172,8825417.40430725299621607810958644398842,55455266.94047117661765436334919262207692,0.3707379980900685146333221709743266749705,40296374.31215885972699816280455475170487,121694213.443131698489776185739998381943,0.1998113914541977067474807745644947478033,47659144.63519270241381753986019246148226,19004378.872268472796348732213989248793,0.1790194125004996922797178465777207604417,6668219.37167480533200865988705061436814,32088992.57770683273654220060457729313744,0.2103482099362644389549691306866857820993,13229729.80886226812215851126784990777889,133939028.663912895784788595462923773737,0.208704860182402899233989980563752112902,54789303.45052683842704854332686202276079
1976,157191515.846134354016261670756307225053,0.277547851045137534906987186428955641899,85511208.1542196573302245786803814077864,88794316.84671511285781980137082899630335,0.2358347512353768380532634807653863806191,41043939.82433416711667090881185718268708,42995292.57896246833197038364826577824829,0.2160783620554949462500910445929996539244,18209090.69725561504395796683074555436953,72988870.33474298573273025848857781235935,0.4394090073959783932283619636351124634249,62861055.44689664957708834512215900761855,245512912.668318059113719880285876270641,0.2187029150592777451512594314438452127335,105241003.783099877505865297747431102205,54162532.33274159894184820032751275226996,0.2320006210466830166182723574434705238299,24628852.63176791596867687799085295199547,75839137.44640241386753262966277987847761,0.2395516114690572228808812052129017454188,35608079.67190967840139240022056947558052,245985832.692849466874081472127136221355,0.2188676068852978577491968742437964378066,105523127.837175604631367468746263116394
1977,205745898.449696919775667437896695924426,0.2976256432220645101602095082061750155479,120021100.518129517677710920913337396894,172063294.893734689311839608855923578749,0.3906555614675700089716228774294951408214,131746266.826357113679838738597164182366,80281779.59387735048516702751201868625584,0.4152087001110648660855067722964000419999,65334038.96164258239801782879194681728152,38236532.11590997449695756909158946335763,0.2458826832184253401543470637915355698172,18427334.18270978053704695877285931744898,376686657.657171525489528303261851473391,0.3213389823513468165453558037817880919832,237246450.184295895566173150609424073412,88987987.51875993242062641375569173310688,0.3553445032179360791345389337205109462686,61977928.74574658312637649872636795750726,170302894.114884351684756036393319620454,0.3755717488869264389799909019926941773472,125363473.335135049682567138471040783038,377809193.343431609087507046752619503175,0.3204074490514748524723779266138085888294,237263644.540034175516959018502209669338
1978,109940006.789514326947103972088617698557,0.2572756407858075684260312125652614787375,55438375.96174593299849027080906065052624,111327150.270746883664978389836066433093,0.1923114472209738672445507505950245470735,41962591.35176616515026986953433656581656,61893014.62258051365866550109921712671624,0.1914981781599862263096872710339272246692,23230703.1004649695019375935786415369432,50729610.44893835625089652368508428919637,0.422857293148351299671662812819336230292,42044716.08354044771251937183351930463551,200597236.072115405975494039075583849858,0.1799188070997785042415575712219187443228,70738782.22635101748020778836981238203461,28655952.48740217986765906653614169624667,0.2644069370553432384363770435026734648634,14850591.94617101116704267602846384031176,79988579.50134016083486127060424101949073,0.2138838240713552547168554007153004641529,33532196.00093321429022974451660673062285,221267157.060261210612082361924684131651,0.1800010273541769640706750856663982828708,78063498.55754669551979773212767123072156
1979,36565022.80474800227423433054972723912626,0.2567428954824872392912350359475117352764,18400107.26341739036379334589058476020705,43483365.30374654282545643903596413211541,0.2234482863274487423962301178711813089726,19043915.58331031100701736109946593934453,26920958.33842039452876767399866793260074,0.2176918284873210528067535866533472487255,11486526.3848305870318890473548860482733,23518112.21344658378750744960643481786938,0.3554240432025993683449078069809096635693,16383448.96153541216867005662876470420736,69283941.00054142772646203189983846089842,0.1869130398482039874718782980403725790306,25382141.16914663529530785181856708640665,7151511.37177122314334323301235349597332,0.3498079340575073995994957550653040973081,4903244.61996220212882042921851939521806,22457806.1848563436400724129682351247982,0.2636633247096052062067332182380814263145,11605747.69499099010215182926596925458004,80048388.10849454509969076958569137124157,0.1862840769477873174764126408540800378082,29227010.57630031659245019189682006769598
1980,127148372.552652313272111240731975949021,0.4933592039063090189094235594539118283077,122950446.926696301688472268645596879029,102286637.758460075383604168240429051738,0.3547742740104311238005785713978735991556,71125788.59738222536026146903679306974295,70728916.80651160416987977944213564766957,0.3094788967183741722658469323652778540908,42902649.9931551725142093834614322561445,58825773.03832913793254931674510139433166,0.4149455373374352718586397073717817780141,47842604.32525181302171787415323845453415,214589124.988857713489516076012908569415,0.444063494445832342020257808119911361852,186770745.556746253394256781235327271177,47876652.32527895306318841136426342737808,0.6878294745655696165747334914643986591805,64544706.32119595501093829120272460027754,52003668.14099269349009790142090453137958,0.5173803652559127399841650898776165526896,52735126.56217078194992015247681706032431,229435010.311112388655715408972405000759,0.4183319950939453263914315862632636811111,188120810.991381223763925051186228943726
1981,84909909.33580997191629024834681728917556,0.1878700496904652515286281319650450279175,31265976.61681777681943322571386184242861,46869433.38538235645976485339905469785884,0.1605832976552529214158872756957628160444,14751838.41762549097136209760984473444633,23452279.23520072702137010876166670182276,0.1525694476854528851025335961780941697805,7013078.52816399702650806726727979481518,37269759.49885817351380758633156978041328,0.2478103103942036849275559947867414142451,18102228.11266955570439607890294615777985,128366282.82735594384760580613840874754,0.1691597970070000387597049508771360026028,42560252.11741262546794086800744173011478,28160575.21399241909946315715058570145793,0.1925455177689581036446774861082100086075,10627497.36908972262801618393889010930125,42896728.7731410087414142495020498033403,0.1878548935729972160678664292424159344856,15794386.41988393800745881660627042464951,131779342.721192328376055101745871987034,0.1656239479704195409217146801068682479437,42778597.40476445274692513269099816820154
1982,180111692.665995379674516699218092399113,0.3782331357285830650276615293144334008716,133523452.184946848101848908016693258373,41544176.19070613732160841507097507509699,0.3398716763303488563248723028699988848884,27674590.05524937674881833244303336974475,12960914.82833421864669956637153936701841,0.2364064807943274672282926756106836017395,6005526.75438535478304314151980319699961,105962645.257635782716774360624248377499,0.3844458610955397399859276218244277683999,79844324.78406467781870590108396979661449,209633077.902983926533575922554348798705,0.3657334207601810300436474107221382427829,150272852.464449904345421379991410567626,44313336.4590875798267917487286207652158,0.4615326491659648515298392240007006457368,40086021.0759170372074975795508102128813,58418972.31164393580585943856465896447658,0.4588469560356332752327930272534404968289,52538520.53505841473436843830558053414477,221655868.856701516996125114289067474209,0.358089233783719674398836419614612733775,155570257.275419361060086641573994600422
1983,71648426.21244205548339512846403284171925,0.1994168684205672293625785181536954337562,28004293.37379266377522009532018001026673,14380288.78800241762522004955067762567337,0.1476040854422364592679128395853018157632,4160275.17489875390330087706190471004607,3657342.11789960420263042281366344694574,0.1999478718810345654314327190950696719865,1433304.43550120728405126402875590496586,39356882.58155645052394617557819621116831,0.2561282403667654024364082881353133005732,19757601.80059348790354436460602668903742,79755634.10163191745519563176824920222789,0.1900097824949564286453160175518233066642,29702527.34926088418641245442888107915964,21687002.28589441289107670280825385820903,0.1993380394795228607743477011378555902301,8473167.25500192108885029656003021418306,21327488.01509400549096187681459695106949,0.1526338174195625719532183259144065668698,6380379.98695898409776475084648341621078,86028715.0004444731086151780147104673926,0.1793482627272255838527012713540655817776,30241037.13677124282871021289534460534163
1984,198084303.221195182044749871968324919637,0.6020709586194629106244956417449104276896,233751180.402592562434943611807222659964,19929789.06946721187491827548800679339475,0.2119432244567935868404047831137053410895,8279008.16592821573490873445425738552772,7289552.74613438176886984784147965120973,0.2902453661474204218468583335978157230501,4146887.45547130701869484667194883266889,153726969.945065665583396965778481272147,0.7430446181970334395671764975381979450117,223882955.471259578137260510315484861784,216832481.485509685810067712513030731426,0.558372874763987974338379885028085859753,237303817.017375552206107331004862942086,28809693.45319100796323806772741847375209,0.4041137234077414864050596325464958965409,22819089.28354511731166499913240304016078,28187876.14627133860416326610895231592323,0.2344761952788752632736170728293272687779,12954396.4654689418579576341988714774601,218014092.290662393919668147456331713031,0.5579310241592285416418664100887629057725,238408178.554032728459390163173505464198
1985,19190618.8169500238144948601261502874441,0.1908161091281108081224116896115192576854,7177283.26024578045442583447146423000386,12336596.55778710175631643341899560620151,0.2012755923831598444523636635051043295713,4866789.32911487308687539753657000484303,4581369.65722019757367534540581655879126,0.2509831394246119324053712051223271591648,2253699.21729021551193537334871459646981,8194164.63915239664362356324556447215481,0.2411803096202601108895562394447060125624,3873491.4829103174971221743881989513282,31430177.22664411755726174540307763056143,0.1655632299489352230708817462334240560678,10199216.0526409076617431108964287874054,6441767.63759597878177692211691092490859,0.227756551509029540609382425255907118674,2875623.37421220303696573995947577514977,12309913.44076855257173546277685393779095,0.1709088598254426520063820171922524924385,4123591.61059482419928229626550556963387,31527215.37473712557081129354514589364564,0.1654092218995464846301420410892602096876,10221188.64103758609069967900254883104291
1986,17705372.86350712148607628505363528783712,0.3405635763442233587157655630534279646357,11818418.00169173829394569539493388408181,16827388.06486369246846318181335854949117,0.4446876441961917636283348803660225548618,14666545.85081712507222505782930437972601,6594116.2308083841161299185646925484139,0.4081107289081650784223227520050615483827,5274613.97966232863787023316764413116815,5705721.5765167703298370904793778741329,0.3542459814432936214849140665281197807847,3961608.72184210530459578941083809802863,34407317.2524963149252902316655529552736,0.3839168619507524223333214124029767626359,25890716.56473584493341418248779559308954,6328771.14938185617158336791259315083058,0.3743925345448240488258252663407595745268,4644111.55549561547930582398041756520551,15904151.97166380333698908991033026395087,0.4978971388801919665380618595582969998301,15520518.25549405629629172170320732523149,34532760.92837081395453946686699383732825,0.3828459266674032714500580469119482725826,25912624.64169180224896974557793163363793
1987,51070433.1624403767478581626561238516321,0.4897612489816557494696468052341294394846,49024145.49807510116753477079873374963574,31042508.4151151049072999984028336944368,0.3818027808938907832813190757789739474207,23230147.43607338834217380477933992189969,15831455.87398152632306905701469644307456,0.3900938949347756653144658720774104628728,12104478.39736419370645731303056697380862,17950896.97878700963447360745449135248879,0.3446954069694931447209034246241509611596,12127679.80955804914257170923948392344334,81570937.10577042153577826502193600596511,0.4449312285339065982975572209988938357404,71135176.22789962373655159165785942967832,20498842.57280961968191572419145134297888,0.6549270930150099524452923347639850698867,26313484.85770976215731155031167450455701,27831746.15197732601569977239831840752625,0.4747400643756268683469646620624420262712,25897176.12135660940879672056618029267385,82112941.57755548165515816105895754606858,0.4419781148942694006457091853427994304075,71132561.32866764522176515102811326399026
1988,14940573.8602078266392444439675172108975,0.1944907634025111021304340176024725978544,5695375.08685710788944069462945904169315,22537960.58384889473897372772535973603521,0.1640899859119144980782593875352731279734,7248577.12398661681128535582063392194759,14138920.71876134770439134549314272283651,0.1788875943776976021483408163396195535126,4957383.92837336102281618911863975683632,3103529.0034515524667828267781894757752,0.2556691874017036145995670962227771010594,1555214.40724455176627172996878679409168,37478534.44405672137821817169287694693282,0.1470486236355257394121296997785631259163,10801887.13551536206531937646273218095563,6745419.52252434647569105442272232831923,0.2575372950351916375657631041109101259018,3404906.31150864847923359576734213672242,13490665.19931947473135294499882242000185,0.187737846317789612240428771854804250224,4964108.52263260054436671380169985599765,37478534.44405672137821817169287694693282,0.1470486236355257394121296997785631259163,10801887.13551536206531937646273218095563
1989,15244489.22880182537540147302648101202784,0.2418575263816607745560576402341299284795,7226509.13342656675285502383112345601849,20841938.93212101749659833656794360784442,0.160973785263894728606172286727927804283,6575811.37219921392189041599865408908614,14153773.82207591416780236046562516464415,0.1753815790547623310201947584296869498176,4865329.95689927976242038910874195613818,6255185.40317939428880696337696775478634,0.4217648074509839031194805076544360736107,5170905.45159863819905653485418170106044,33979828.8241696797243999150353464363147,0.1643148384933057744435032565491386595843,10943444.56713628967670305617342990715979,4303598.61923590537445540928705505661171,0.2910113869730110256440403564546641516645,2454696.55819159294127831881775922596345,11373870.31643162904093507646477664383005,0.1829028934222138929580806241698905685662,4077415.02895737784707795885042892551284,36086428.16092284287199980959442461987238,0.1629233711678463273910666987916881301637,11523472.15759235475548071006088038911213
1990,11492415.65359019223923260568001536530421,0.2120286385175401867631452998317865149851,4775973.6388444546201483875052253090207,19138974.77312400766800374618609819107142,0.1647680577787033387196506683152488546876,6180843.7344367545532653070754015433859,12684489.87110035640433534854554806416047,0.1677404417783573351731764243270768638762,4170295.79203448643833756612305002732491,5666705.71658626561054554670902367542093,0.3620168304371698675214142837270324362109,4020827.97137595251913032136208403268984,29711240.68285148200320626271694586083429,0.1587481575216922717098603807947104298661,9244545.24352898908297043563534089509915,2540744.85321520140799579502026477938497,0.2732814581956522919821003508043828154906,1360903.3784439076135314850881437625582,9739449.98581237648435966159127703740931,0.1982667407775583803074526518143859378511,3784777.65107999190279031590898476207177,30631390.42671419990723635186611355637565,0.154908623736564168702891745346965490767,9300330.40691374094616461733759885910261
1991,11280383.03516719193988849824462769663112,0.1890902122782605626663827615606676306874,4180699.64449171287923965161081947002018,27054991.96879403608399962150053178055112,0.4922476089146005974189206177669093965314,26102800.00745146998068174593737726294192,21108863.66773847337234252869387734791821,0.5221003306948348433642012579241314218941,21601051.61497614491186855270731782146671,5581660.72395841953450693992333786580806,0.2551829436701859802874381483476378577459,2791715.44365162290590978672022132160277,37999567.15196208049406752254423873431078,0.3657271609667902232972991563984181774639,27239048.67240982067211237779647344042522,3778948.66701141417893961317795046801518,0.2476794358401872939113402261061557576495,1834497.03287225311924359985744126514008,7865901.94525292093809903794999379544075,0.3297134518795275704043168187519604589844,5083247.61772985326426425715410139863659,38335375.0039612280238881197451594771822,0.3625889142266366455447386705637776982835,27243964.71834820640121529587944865580232
1992,12905378.42285130758994411665128756177384,0.1966131052010163013002145926010514909532,4973238.39000154035297988655516411937783,11507824.86393829819680760075164574403459,0.2102007033798455747423201992824572380824,4741147.64631293571897562349202240726349,6993878.3349936259583169251598786356795,0.1770853751711136947506123846121697056253,2427486.59495280166643160281697848181952,3283494.89724553640836904299433144725829,0.3180435281537062284680235732442303729375,2046816.8315175365369027122845877280705,24277447.50596951100846618064819202843362,0.1826285164363492180386629443463866819256,8690158.27291805401697559909749294336045,5893166.84627433430399088906639311859402,0.2296758676305542782103859855665888866109,2652895.68867896303575596361380127819334,8242663.20827610911607486018233010427659,0.2700513655852260698038458502208998298684,4362847.21268996535725104548140720758269,24413203.28678960578675171740293330580843,0.181521411280022428932745148558957142713,8685777.46438889751448365344696835931541
1993,10173540.68918696589814872628314357051913,0.1672614306797839395996090282488357386371,3335216.30267471776480173398426584822245,19104050.22163160051326082527356649188413,0.2022673506331379213138080339970092496687,7573686.22439599690982569112218445907926,11125365.80055295684295611270260306405413,0.2299460612416657749251674107152419865791,5014138.72959137302309638547142002932038,2418584.48510304202085406714300088255648,0.3111143424212498214818204485906503359634,1474814.39047921720608525209498603547667,29176947.60838385392203436597443494454175,0.1662587977287794177938029259762076121957,9507811.49230035169434530482191373203242,3049344.36285467048531710123854888441429,0.2075073911264065141243606897013078571718,1240212.52702869447265832471538781824158,12684296.26230789706228227047255723137842,0.1930674153177372394051212429667415599617,4799891.61719691296024334798540049223421,29277590.91081856641140955155671006240322,0.1656616489181917988626469339664119061789,9506341.01381139846674223764439962211653
1994,8415275.36758401413090818096360379912021,0.4033380100802129587867296841992228706908,6652632.82523520305107831111496840141688,14585642.7843681810976222833009647372059,0.2464691063951384341276932859092841527247,7046024.27279337186425486083475296714139,8646017.35330395844979260884757706885215,0.254656065122098137152131044817963462452,4315451.08601273630392735131584621726547,4735087.16178410558722248829791355948719,0.6837623402580739912033241088585592324355,6345841.58697222444918059109656246267908,19725453.89909510031223411452799810682209,0.2135240754081467033821307247565394812027,8255244.23938819508115437022273918411003,1695044.32555862457936035982778972517623,0.251920751363332533844962635796516528654,836953.0065742086187547530828769219168783,7924769.31130550661215500729128818281054,0.2190086491192878461387295644508564024351,3401762.32204397585969392161408430446725,23000918.15195219522853046426456853632613,0.2301341687241303873993495181498198414448,10374862.47043090840134639147606212532551
1995,12648283.19188363604820907756502709952695,0.2747310013253790320945142910678221636716,6810755.99245217899736608780328452895517,13006179.02232444451707550836888388526745,0.2849255726826504837531679597897705038732,7263354.29244378034896097667516036126234,8075718.78426178061730239650245442696657,0.2595113863487685802095452255756817859431,4107652.31583447063278992811651195352734,7142396.82596492346927885056547473595965,0.4203258448712105082736547745899320488298,5884182.60134715113169571776936871050127,25325070.35669826690169647643438823221703,0.2339095239885147088828588545704419597265,11610599.29813743459330435224399044900566,3121521.88549774382966238920725365506152,0.2530272592166733256800932217504046946405,1548067.04945381874003455195397478175429,7314824.71848363264904094965872816680663,0.3322003489836182904676403308932235941724,4762775.15549914995864251408643503180683,25654462.21420808056528458593391098479443,0.2322858241581725675876555510211996529126,11679969.08157356049373190592623021631249
1996,44297837.2257492822088056996485850348132,0.4931171239947130834975211771774435703864,42814283.30021695460958669100165458546014,12225762.31916857652186019052008305145011,0.189272318900083994250398882988505778979,4535436.83356179837241041141929609470868,8313342.65114238227446724762192848327469,0.1846939298450213707638271479429899184125,3009430.89179992164184251269020406405328,35117975.06197339113314796474846263417236,0.5497740075371351757250071743702822422474,37841621.7773641571822703075585989392634,54257567.71071684904341481525133475031684,0.426199978124013747104168167000908086878,45324165.37588464278590979696309627783382,6859735.90171609063075108909669112908099,0.4352888843406390601363786154316353174655,5852494.90355767254105980725949886405863,6232545.93008599469229958870158583973508,0.3230798791976256500916716937582674233202,3946675.96492423966924679167058480923819,56523599.5449178587306658901686680862628,0.4144155107814618862297911012765695564237,45911542.49816332445965762942827985687969
1997,60034095.47789692014929559393826803113892,0.532830318382425339073076340348915622794,62696452.96628592501676189706659888963039,20742126.97122356354796961149467773562395,0.2423299228366078682593780310751037279656,9851818.53567130889429633966973298008616,14927223.47693933106215507492715672592092,0.2092064839338540199860798450743893334859,6120828.9994704991458307399435679116624,7175613.40341170540438089850739614543546,0.5523117295444528042265528348684463125251,7767823.88078612564652018392452737873331,80399937.10488673838133717789814231513402,0.4496808190965240031091638957513076188401,70862446.76236358314542832712318675849845,36322952.206394863516387848258670281081,0.516651365199214957522651441661858360603,36781953.57717949695742447642280880435714,22350433.36237458371434138373972261432515,0.6115729335125552172006512889619625043738,26791083.38954044217749218846713744356718,80776222.44912048369726520543294576676248,0.4474116400437203308111101068021259905694,70834835.43849485565803874829484832068435
1998,23347905.73761641441926584870814793871477,0.2917417176659455159795002881825371908504,13350653.92263780283253423490772854012447,27442018.55899897765920108959314113997491,0.2815237234924686842296567924998032566638,15142135.31996249134768960299833639298805,10529258.72010287983425097000217480721918,0.1993698957766797873609690230359448843949,4114465.73871991161247871903427633471682,7047009.27419118392323455887239501114165,0.3138188121906409628775680351095174281623,4334508.7966492921368797781349529150854,49643780.66672527972069203001149591530756,0.2825248186324693982900370023343698911895,27490176.25302943477657927582745620656181,4813024.99722188437448356533777079769853,0.2870554429401034798679702189373466855577,2707945.84402026394594938534886415064254,28400631.30509944394649784408894846263032,0.4169623273215994106808703588687640917566,23210306.91969879731384402897966545940753,50789924.29661539207846693830128907868971,0.2766871902304567137197437877772861768471,27543726.03347031204128718571075813951685
1999,14623332.70892601567352585104917594418482,0.4033789912236786278081887717623091690413,11561540.58505140778509034794672564283094,21819463.40435871544760548008273644026013,0.1956858240301793339411941736795094731346,8368728.96530942350103026812766030852495,14510781.76234360717758297023645134132241,0.1953893972845869835070870722739696025641,5557095.68923808887368334383696606131438,10366074.04885007346618126767322592501734,0.5358760276599347409370649579434776089399,10887663.94410396681216817803984102097661,33445190.00287125112027842435062591753853,0.1928372104969559156151281410028066444337,12640975.20360096338904364996700688451052,2131283.09169529242206354843682239317752,0.3444510538576496115980929003647906627799,1438880.50572672896561268931404482582267,9434657.21039575805530354478541272492774,0.2245719536127288758895164534889636034137,4152768.4267537886247944775191152177424,36442796.11328473112113133113191238444506,0.2071218689106508397651518698948127828108,14794276.07705413857889324087362261941206
2000,28581236.70563544737961086421330472916131,0.3985796882204934418800510788667373893416,22328124.81357306743693066668790876472581,21546654.32280948928462858782426732225917,0.1637354929509605283032836340757872287554,6914786.05129874640341808245224204002454,13803286.17409162926461217950300279977252,0.1629053473896812624269633599074046041553,4407313.09344677926393104723455403180253,20996077.61638000396899438907298871174632,0.5191601100635604713106561170359154063955,21364638.89379688645257895610878991812216,49792724.93054814471488853701528991976659,0.2630974307630214488445205653572973825259,25676662.47983744246899041242262363047715,5361790.5358058863508610543260592065603,0.2310602386597322704289369018119431496088,2428237.33765973165693372003064909342948,9966736.70216741707977182913552133334139,0.1982408525916758853510561708668904694314,3872596.18753305687086421976132880963433,50127891.02844493666423945203757205142054,0.2649568271948931672356621192710572549392,26032184.843301516399815206195865388356
2001,17109269.54344708764031924120844748881319,0.1911370693064494836464391429550354125052,6409622.65147679975841515300576680294315,15745992.93007944835915872792488640076552,0.2137022073821082565071790895052057598901,6595308.75529885546215627925960995537015,11384986.52984200312590232109510284128737,0.1998141147474359170156020374862741134896,4458766.76954885003299106890868068621697,5562171.68272060388076333203326510559753,0.3526888791379119156528758059266278155696,3844963.54884867188153274900264296904362,32462100.51315768324758713607398890464504,0.1787234281458822238401698766541333896664,11371406.26151437758914183617707050481485,7991599.90658736221237235833618257010776,0.1804303741019612068464834553522519485615,2826177.62720476175757293972262061151994,7916504.35437656678043995766878337258601,0.2616846265359029770587933086815132780125,4060389.87147196792132500379619283005715,32855262.47352653599947796913333388957866,0.1793146701926969654060976217306365872372,11547203.88688841167390746848689065219465
2002,26527895.24803520301528590024500307137728,0.3021396415043397045032816215089608811632,15709652.36980782476798181753996061669185,20710852.54837992140502189133230800286794,0.151003656378876765981966538815724711245,6129732.34459712585308461362763695761995,13985822.58615819165906821904736591708136,0.1625078964388700106127312882787555070586,4454700.95254985693073009832246487764031,17434634.97942455992063065478377112536825,0.4318087159468938263174970855041821885711,14755717.59319751301437307834654728563852,45106069.89213730527074859642515876777983,0.1926616306777187160165753297749646759713,17032809.59860935737068150515259603450635,3616455.33061226292293614590503892147944,0.2591670935484429304656904644305599084065,1837041.78528580476456426974973797022284,12201834.90022010991767277184113511031613,0.1903398218355236910878712694461954993542,4552090.35870976660376547265174436645294,47238747.79641512442030779157731107424524,0.1950406911253680627785475990976717717791,18058416.91549513643865315877935944162042
2003,27386949.0436544108627518260620637562678,0.1905055292768763250891255018821153200812,10226035.83676684186475603063793077592395,102920178.526257293333677185544364926889,0.6689324388896815737169151187243668371144,134939426.223760220301150768757595655605,78968987.85877938994477704468754747232815,0.7389584578513048135668854075761065758938,114375410.912955981512008068530050015787,15069472.65070433770622787525213355338031,0.2148019590876011150870498144608555171608,6344426.40566510147105879626562012899238,129439330.204176657675007978071252783105,0.5577852528266834396796262510765910272294,141510725.066360348786504004522257566416,6465373.26913396203615373240012165001572,0.2315743198349805765750211316422359358357,2934540.2578667656735235833571387901836,29803293.79129401450927035926662600743168,0.4384277079620828871236670845194230993655,25610515.98180971615006839685681474784338,130307127.569911704196429011606428683157,0.5541326417612974053328991427027995369944,141526568.367657463281128322680475994255
2004,115668391.705111165637707085502073749155,0.7159148497252141677280856718200122628771,162305089.760422863433258859908034276532,72796099.19867315876036796409732832466488,0.6505253880073558648929425819551069232713,92817192.92621209495809680258127112582152,52295780.77012490312762963793248687290917,0.6140294732534784732455392653302998378968,62937855.41053199883372117393127815495673,25589807.41017603060626927518421007862493,0.5596501753122692357186682895563748626141,28069826.79849195494706437716181091537585,183709439.461410592710945241431813687601,0.7019810597367406861956374268517024705963,252762672.113656687349146645230987542534,59610773.51371590611154714696360099856781,0.8651601119960557598054926465779569010416,101082812.439024016611109117424660995479,50968129.20976748455262898951910412371755,0.7883482025589355710401872366949968989115,78754040.77861108427208497760560514886326,188464490.903784324398075049599402073819,0.6857097809387512971357647871679421656283,253294611.753839781678807035718346319361
2005,103263286.417496626651912256425125763903,0.7202330563020145896011763684698837292233,145772319.465317256448835701188814612887,38806836.46941026010845236377822627134644,0.2066517757920623849668979329287808478732,15718223.27178056584714551999254790068083,23179984.66080727002550812472207452687962,0.2273034347602439637332527144436605142989,10327024.65693887176927190629142395146915,85133278.05544410570490164302506761963561,0.8632411473644241721936359119919112821935,144041475.309853202617765796752197729828,135819796.315047487783701810856120514783,0.5216112925499190361834323578220576959358,138856473.439126955231687383498968356138,9364476.63801976332531374582547582515066,0.3256299948268671016052596261797970925251,5976734.77922159898409648951166268784426,24392383.53263574770464110663073406358349,0.2299681342193048446904325236366656810214,10994563.02311740021182708002498329199006,142070122.88690688676036462020335203525,0.5327434445443462386198960316067169124483,148346376.20187429537262608546472266202
2006,32489190.40390658972100262763719815308616,0.2856483917325891496950009960811976798745,18189750.57563678024714176988532699060264,34801924.64415450688224408591366304685317,0.2229027638936792925210623093541011175651,15204592.57632311792353552871890695373627,23418766.86176605882189328267745586863273,0.2134318918625955449348939438963874922187,9796690.96413574741373240048388734230152,21384143.19714965376557830173012801167607,0.3702836412734767204633086940646714493499,15519668.88076587914057663014289396366187,64508452.55761726613239528950725518072827,0.210957300896361474336070847863266094172,26672716.91164961209517745767164388140443,7564523.21914410421857027050867330559407,0.248925404663093211071980358777223258183,3690683.92668126891013559237524509319364,14923681.77000127979720485863460401403644,0.2358445262328685890175739640116770868784,6898550.5671242571569895838285647440695,67291115.04806109660324671355086119993932,0.2058075999123233524550289781657367107839,27144084.85159233995387860319695664160798
2007,45790526.7010600375748253572241135210553,0.2848811226412806596955676964332091873006,25567919.039749701678109721789428451545,42267222.02497706617238792167574447350188,0.1921541034688488531583176799159112976302,15918767.50248337062430964251024833010376,29691715.34810495080966069820881246651835,0.1968732235456999564328818067847986037386,11457187.27783820250486421140210406836249,14781030.46457710456844058253836372146656,0.4494492353029264811785972550682998025985,13020912.76501514199551208319100757636446,87854789.37000822950803951221966473067285,0.2120656875588108425611924058801726998423,36516733.17364719046404626174695225822951,22563760.41210735213922900356886968608893,0.2738594922147561866349224972487044274015,12111427.93907366900718263811177878411035,21021242.50124769622988299458381212048338,0.1948680942277028287416976837224484695264,8028884.15045239403211886822627548934684,88057748.72603710374721327889985799455711,0.2115821082777272787651400456335482501128,36517630.48626475629683702032495440557002
2008,25426459.46859103229326475744227825202904,0.2113015348434481232880627641648437396108,10530393.82624209854719282267283008373729,29256221.18371451487144336213917262440755,0.2472774179830845920991688496057297229299,14179429.55513185802428435076019992867513,16866990.90256170120735485750568916755876,0.2826183739032306082034270986019936502381,9343166.22138424107848179553988934284623,4921210.77035897517811242162871900815637,0.2631749368425138111337054635218765672214,2538473.09400872718086329973307952824829,54650764.11056092492628980991392689818248,0.1888735034893793820933105039684422026824,20231279.32042922557991981934780737679491,9779203.2587405083568813289454333837911,0.2528225786394801919293605964734686603746,4845910.63443219093996046538220387327054,23115275.72064436242235951150160931693035,0.1974191705470185287126116417205534019731,8944261.17708108217978548876723911678375,54682680.65230554716470811958145087643647,0.1887516677168004741886262306573674930893,20230036.44996186605064068436827811714803
2009,11415875.67157913251374705694515688426449,0.2607338907430192795449510095617770467974,5833951.13297523454481217049736445569514,21805529.70721762054545719842790546382103,0.2686824945637588086183485455463783801998,11483177.66935798389434690184584459612455,11967570.43252504010294513322352137671236,0.3034124867962248380077139247810271153692,7116976.19944913322758017400725833985688,1688271.70824168399634603468752372789468,0.3355804906420628468769741053964315269136,1110440.05445016147070035803170734223855,33164224.61579406414761940364608466950972,0.25091221393263656889879196645121732228,16309765.68254793880507610592088293104783,4806641.41135919351532801427683279778847,0.3070569918098452858224232424934683081472,2892789.19086194281451757215868044465404,14758921.82667083544458507318518444569004,0.2713075475763954233463262376204914255323,7848245.49590496512924739071283352283734,33221405.37879675305920425537306234808552,0.250419281320377504867355647926048956897,16305789.70044596475894601056009353556771
2010,8647369.00162915878349292098588748902835,0.1822356478431998903381416456944100620485,3088683.42861614502177092623719093897075,24269808.95859048862809224956803838396387,0.1939735744298197654405129992314142857896,9227095.12507625100391107726423672463513,15233824.56859998408400995011399823018857,0.2039333795608110519943270464140687113207,6089103.24270577410219142485766448334203,2087148.69949161241515837462933753722268,0.3632091260618413607717510883711621429297,1485820.05200277631848594963088834786187,32829736.54334647206159942743896109800659,0.1730462142054236577757193374077790537073,11134880.77948761455232541744137743970484,2827879.6951161527864991994880647449117,0.1870720341606653448419954804864813221434,1036873.72557696083544886596659551384512,12768324.99701189812591764632252536066936,0.2372914897727161615634629218529206269047,5938437.12646860327907026554129066284579,32917177.96021964741158517055392587299225,0.1725828372934671581752581970368470790007,11134642.33741463350654931618187638062795
2011,39940433.95479073267739014717574990154435,0.7479551315927740800324125225680143632549,58552358.96767488888066148381684827660193,16024029.82806722586293201828763595764574,0.1570098509303161648961753022158983201086,4931223.84783123880102961534372246993408,10907835.10365035707041976165155985316338,0.1668924119236732646539499732313778153717,3568052.42225528055985830849991265036222,34631150.48649225452309585634559095521448,0.8626168928139519355485029965245278559178,58551894.23737144395317397346824551342941,25946382.04940898877269157686230609432069,0.1466913537427716286383095209921735487154,7459975.41880770957645693115169443596982,3190618.52115259466818647755922064160975,0.289203848295071097812589069796270026963,1808568.7433273638026045165603767187466,7234859.6715627522786200699070144092024,0.2020865501940785845411347204675786659001,2865652.95104218684016714870793045520102,55964463.78285795854032216546338585919,0.5353653869741666508790566265350350677083,58724416.14742651140105311781451338562432
2012,9251517.38360019410578117632715930089827,0.2712204917928524320062134682543522199068,4918034.14543592937878488475187524207508,14505608.94535750129680667581285126005354,0.1864132394720438439288136829560233067421,5299913.60587674850016717865698497157698,9978261.35151010918787414163712442361199,0.2070480549616549800297543181502789872368,4049320.02526927666721417022091517414266,3388671.02550103777013649803608551075012,0.4091445207675411144544694420129724473033,2717454.11822424941905812821598048168836,23610504.2864649179169578478101173525791,0.1867797203725502580805995675143255858781,8643528.24142240058242843605282512755278,4051359.39653705170824389726709323224253,0.2930019460222419330299135833481919054851,2326630.12695286967695210973575391388908,6338834.55540949673633331519970739434714,0.2008907539969721877482729992935871707312,2495889.97646462052330023909065652557924,23757126.32895769540258785214001056095175,0.1852771853033276262748454352673758674308,8627240.85436472270851644739487257106979
2013,8850249.64677406811092381900652331781164,0.1768760774313318332090769757898905982252,3068178.98594647746349241940731247660416,15649404.38471449798924185271769954138317,0.1440353823386335910177705900995868913338,4417973.17009151369849144263168598625663,11542660.77652763699721501837163633337487,0.1538516714359356696972563784199217934851,3480681.00044211248739729214084620807957,2366408.55992278179798187156733199039358,0.2779415982337061776016757142019142510595,1289137.81934896761629087438138115689568,24407877.45954066886117259577589582837656,0.1409975420310598986873511094175647457589,6745243.42686146812067466282060052661906,2986570.27666773621590058262980030298649,0.2614263399443740582041375002936046220138,1530305.54737516966563316666043925083728,7604014.41837041108906819915545423243992,0.172851904483167887557676090495396582187,2576162.01290827568628097692993047507994,24499654.03148856610016567172422285919485,0.1407096232543285110154815901865128410532,6756780.69371900771817612649256587860196
2014,20139407.47249727312077724610248842014061,0.3799204630516424245413019455834534562091,14996691.10457226833793671367949088355096,29651806.79929916653793026624681052781873,0.2245901922840338829620353786247180313339,13052629.78162230127646796589792434789343,18013386.28994077652430325267874051296526,0.2033252211690845035920894751634027040381,7178648.47275647136742300421842076345031,4498513.26946184682716644119564109136853,0.5459619429682141774457707846764523681802,4813793.40832481968663094265650008111272,49665245.06744528419937449343383444671361,0.255200648716114889860781028896948515873,24842221.40931944899786934735807614959962,10486864.85876745456397899773252426058691,0.4169760110327656959446422777859401834767,8570631.31101514037192980491649124529473,16792449.85362636174325882074239308303865,0.2993113273288430514699910116303476022177,9851294.09139220739227705018420283103982,49791214.27179643965870751234929894795931,0.2545019236827870697105299129927514858115,24837041.2367611102614205249367405233704
2015,13232253.83353795964759147868168103986108,0.3378781824988935381348219599489662820173,8762944.15625405183780959193033516143696,19418188.63399772769427361349713244414021,0.1997063209208207394825925114093035617423,7600752.62164268045096922880918292581577,14111420.44803335026897089054503002434834,0.1991781531389429322540827985680914997617,5508945.85949253875561947734941529182898,3111855.8962281980758811068090403722692,0.5759997413673110692741349869257175591422,3513159.2551435768071386412169499767422,32521122.57856026647709906448819320727638,0.241413308988846706797238254307241413761,15388022.35489537239068297544069757229633,5598877.55428458109364025818987974613552,0.4807449367363675065613393455385327200779,5275598.78983324957696577826206592923332,9828288.5689895579033728366348633412482,0.2774685609412062758665544674389041671088,5345000.52807478273054610080615319094905,32650442.46753568734186509217881348400129,0.2405203342115220679686601181878434716021,15392066.85551368330293135420834531674703
2016,6267600.29041408328344513720012695843236,0.4046920395656532702137226298030826455996,4971437.9716315139931585255402937791413,19706977.77377716879993169746110410678637,0.1831794174308892551063844201093372844247,7075428.90753100989836507251971512769179,15417445.00869563399979153279678618585406,0.1993629785840959275494315123458012197386,6024388.80781652609188212493881161393986,3501139.02258566289426687849564827459281,0.6995047057811944198754238323273168507345,4800163.91490997174636180417783929527481,23407670.99107548562883558933714761984063,0.1760319920083212087057707254350445940581,8076177.9475554476635583490294037311388,1062018.90270579901209023610338472365573,0.3942321306481656613029285942517464659912,820616.6706125748208624188862322363881025,5993975.13020415617722818726541188111604,0.1997757828257047295220155122713860035276,2347004.10479370783786149229733419542696,25974578.06419125208337683466123106521865,0.1861318823659260899912163236826135759967,9476006.33314727628289628659308830948198
2017,8154321.86156575148576468603891036790863,0.166363163343092068212681033476368617257,2658894.40842330701592046185278672130796,16398542.080065700809870215629504019716,0.1402200541712940085086210695561341998628,4506832.73924223151949121634405154636522,13220464.99562925906641827594286089548405,0.1626961471093873781838002846773212023381,4215800.68685547241783477737379909343143,5312505.63916071473969343131715106416644,0.2146079299983565097558339411358139022261,2234607.44311675867777547431091574635466,24519898.39108180549937580710569691757505,0.1166808841395091319245556441319483333564,5607566.7096334109419466693386053318773,1799578.32085976621721358807593972098738,0.3053665815229397406168699664876079770364,1077080.9168465280686583319450037309871,4220314.98598171227230960633246270698681,0.232817056670272913470690651560305328011,1925820.17398510443129249736867144601213,24552863.94163145229563490166841438762458,0.1165830802014806548003393344303091019443,5610399.07192319359385619670528098472736
2018,8439005.16678836259721175093648467387658,0.257818915465998304380440382390714387961,4264440.91303813028452890147910190132461,11919076.3178035142133406621497047726474,0.1420390422228301779380479615406098042871,3318229.40134879205570525880274065259859,9549637.7816679291433176218882579269865,0.1466133386838348078755224767750589699299,2744204.38564758503323571201492123931385,2515115.05003087479353218421636971484446,0.2702603274393442300958111070651879417066,1332282.20125917505942636471369896010535,20261051.27536920694737810586660773911148,0.1678973787942790558095786825499591902241,6667483.70547191003002320797218815969484,3510195.54026735536586705796394421516162,0.3221706516643358040029325670844554004759,2216528.6899672711706926798578925957021,4783133.11262571750783554901761758953138,0.2834451002606351859974311749680233433586,2657281.0635495946780781525966885814827,20358081.48459187681055241308618944652395,0.1671064841928916513597743496870237040484,6667856.14673300322311055024724974393133
2019,9263548.79233116154921738871626422511665,0.2033127262278043371930264511499080412998,3691458.82464574056633966145796066643782,12450566.73423506234287202880634982990845,0.1758279566803092240349947777978868129216,4290749.10844906799292454324169416630863,6343859.97673816561065361740920406651939,0.2352172522077655338228791142288766084098,2924683.21175357455832595860693107032073,2862997.29560575205615428662377874163455,0.3132482749290008238227740980676793281169,1757784.76939079706607350267496842160039,21270548.27276605885165981277446794528814,0.1798137929400448156223269804294518839033,7496486.40716715264052977200472258857869,2425381.78244293410846307415967497310266,0.3211212944363969174366352527861274642611,1526529.80546184000644167548938331386489,10081876.47177937211681843932995627376852,0.2306595428491837046470810804059368918195,4557942.79536343937484101335895639463692,21714115.52656622389208941752261405502512,0.1763559806589474493517678722199248435028,7505651.71014535644147658224184544938159
2021,6940500.66823550537742077032080299556773,0.2083279550776198095651691103459644681297,2833964.61039957900229688463027162768861,18852382.78518044384318202992899701016659,0.1966722753114127299177447661018457020421,7267172.39411016648288195528029523127617,13165988.17511220716057431902446395242453,0.2100264990296640806475534547042148826306,5419804.54926215456477366065904396584845,2266200.37530960261101547509443144137355,0.2483088621956258838363034112096405494912,1102926.56793283843583182620526111544924,25509424.25682311684157651239342256276797,0.1845635779673670501003144843827683390321,9227896.800944562483555350633217940716,2079502.73507659755889018915806771616429,0.3656451991868310128514992743728416847082,1490305.97588221909789487660160441491191,8281192.16791754189012281697283689577191,0.214890812026512283117774858353937845947,3487922.1346423327047572316279134900889,25792883.45341594922060280024980000573433,0.1825780910750695900618919924380423992255,9230062.2315230079450248714081780812462
2022,10360821.84910643721633449788635706182893,0.2860538137016237549656079652492077647937,5808955.10191921124819962782097007981513,21276501.59729001477955315915763747813615,0.2674749192645910533992115349569691394058,11154223.87205745501417564160312018568944,13955079.3125956874868083331646317851765,0.2519445985015201614778532971615466071023,6891177.43475882928334611816114841384836,4618320.5069196600463377384667838293102,0.4633923555498451750789217986952174805774,4194585.0600358863722445514437875465115,31289676.92969766749345963911239968796947,0.2330128914237285861330305976355961263521,14290160.26248224813619219105225504921352,3883122.29722572410747622907332646409017,0.4321376740037371077125318531067335580559,3288965.13729453852151009379282730990981,9180801.32965538035526535633925246138823,0.2916605262053006048975154576281414040447,5248247.59971547893115509202989450602862,31637323.44639645199588765704399453996506,0.230290039819530368903538398916946625111,14280090.53345784136169127324103224294009
2023,12384003.16717724716851233803472109135097,0.2970999359396831126539858256649088043784,7211401.63338457810456801281255405634286,17261409.15065437392903828707084494088769,0.2477688848114126485212401931651124260755,8382606.58724104971594518667456036623821,12967705.39237855895075502601530926742991,0.272282075314189363540959052790179420377,6920512.52314768310806138749858668195004,6992639.4736149698073765817871268812502,0.3206953936103435545023593127089736266596,4395314.24599770947728929192388441959236,29407665.76580213352151714877617203644308,0.2653244526864073183302917345459300736315,15293042.73522864689082286505385084060292,3309495.03675018730126463511318835882538,0.4298132062602882929457668563867235706836,2788030.75878229293182306035084599862101,6375572.41508790503815438218994152473317,0.2286970585106951217378595995500023295769,2857826.32899896355159103862349186559636,29645412.31783162109755062510556603223866,0.2630811729455110400971287679783084779087,15286333.69625575026301971738052881134066
