"SURVEY_YEAR","BIOMASS_MALE_LE119","CV_BIOMASS_MALE_LE119","CI_BIOMASS_MALE_LE119","BIOMASS_MALE_GE120","CV_BIOMASS_MALE_GE120","CI_BIOMASS_MALE_GE120","BIOMASS_MALE_GE135","CV_BIOMASS_MALE_GE135","CI_BIOMASS_MALE_GE135","BIOMASS_MALE_LE94","CV_BIOMASS_MALE_LE94","CI_BIOMASS_MALE_LE94","BIOMASS_MALE_GE65","CV_BIOMASS_MALE_GE65","CI_BIOMASS_MALE_GE65","BIOMASS_MALE_95TO109","CV_BIOMASS_MALE_95TO109","CI_BIOMASS_MALE_95TO109","BIOMASS_MALE_110TO134","CV_BIOMASS_MALE_110TO134","CI_BIOMASS_MALE_110TO134","BIOMASS_MALE_TOTAL","CV_BIOMASS_MALE_TOTAL","CI_BIOMASS_MALE_TOTAL"
1975,49770.8471393480694479890422957894215475,0.2028808009458158755329910762170102466923,19791.196689510102135522078459185199556,103501.1324643187550464105303088835597261,0.1541202195920655082543780378410596243964,31265.169836319402949463443865738058756,72501.9596132789592085072130980134317876,0.1638402598135450178522365946000447810766,23282.330204060314186003671539848725846,18878.7011959996938440258515383946796313,0.3287227119088703541832000445259123859587,12163.4813947538569738862568748133287315,151505.1634718627928569154330319124454791,0.1523478986754843515410092000130066057653,45239.7268551111296485699747891327356709,15556.2510066055994091526647388116232713,0.1777806246544926911240400705571635898121,5420.576041623391373136394185756446466772,46335.0677877825720327138432294532465834,0.2064386918706927836152379313049339724096,18748.0875324254298638159422463743798221,153271.9796036668244943995726046729812731,0.1529626010967476701892911319181320566682,45951.9661238320857462972002392626208351
1976,113893.1651951618083209799085160593899713,0.2317567416080418098451554517555332722144,51735.1973598319864784570204120592269016,184484.418709727054687930068421276194665,0.2247043888586809540541338203971060532946,81250.7387778317193075097764059220726294,109501.993749653491687736168876336254351,0.2081040832459405527325493207259700732526,44664.1115648337305541195809890488381164,34052.2974794887057853891623856445294519,0.4209645844511653941628362370347627897523,28096.2300657984423651317009850917221434,298294.9897095237607493149870242795528947,0.1970597579708632341784023290448843425683,115212.5994131165870020717530888881309559,44083.2762541802238045832361580921704328,0.2289496563581983636311899920445807461528,19781.9878610946529108303322472762685318,110740.0164215664417312014095172626304017,0.2421059710903020712712369419028478617686,52549.205660026709480778333585236089905,298377.583904888863008909976937335584638,0.1970771448173601485236676685090928854789,115254.6685344165096694391430985882862871
1977,187268.835263272805882627505450183390059,0.3147995964286594656654921417529169848396,115546.2213785050479072066648110289435575,347027.1855644163420735390969831453923091,0.3861677876980747272593116390244481431218,262661.0122201798288520553009831869605362,200396.1195607790395373477716891506076985,0.4043529523462657124923777604626646821122,158820.2946629470562270614329883834222671,19653.2068712465054117110867312707794329,0.2685565471895392196424448685521358808842,10344.8748619456296031457401863606308586,534162.6824862646744085130622110884707345,0.3490579220916369957010351759236391908942,365449.2833747987922901912283733683553248,74738.5985879399832759262084589749796865,0.3518392068818504242377376317414058298588,51540.0997312579079358014577677784874695,239508.0958077236197311815355539324155504,0.3721063851106835327223290847715561472281,174680.0838020803750186878178621093846372,534296.0208276891479561666024333287823682,0.3489733724994254746709416603150584292644,365451.965230473435223599329530872542658
1978,75053.4440617088453582368245360014474964,0.2234341747890664919482534125072786607634,32868.2285044503462628161610376587131365,239300.1588046682985527852020764270710076,0.1879299479240614975411159743015108294678,88144.4661094666812206885634452691681608,157500.2282885705448910412956153614192494,0.1901572301489279294427129698397100266243,58701.6220319896607892112686927592002809,14768.3108630601233877781270265542438066,0.3866750004761144067390731712733170333356,11192.6517556101504011034476978886087665,312842.2061233815321735665866053830737948,0.1748618811107260714342642455033822816288,107220.186240985442468428380027463789706,24251.2056427972086906772275574874804727,0.2597920583458528668769563299832766044259,12348.5304373692634896134927814222828687,117833.8580719492669415253764130253749759,0.2108056873133357368618092026027666749449,48686.492981693066010277478614955467235,314353.6028663771439110220266124285185041,0.1740078859354932598776755358028408801555,107212.0115071284462031515901440757420518
1979,19373.9321435001171728098185057310279071,0.2310213042916316648157250775621474277078,8772.550503175969985764245907040892203511,99239.0850056087948819113924535399286348,0.2214092504750380965445894081621266708196,43066.0048006840528197139337305779961785,71665.3981204293586388780230627845512284,0.2181449590319945088919010617762112461916,30641.5528605055718913568958472623829617,6316.90194756885078055735762137398754996,0.261851116028146823531315634596425495521,3242.012136630104464694148983300864571406,117269.1970449696501778639335277722773246,0.2095157132015666671559632912104774721189,48156.6893326856662364209721513622492672,5961.417614706248032774647554960101033702,0.3558176198216861230566438072419905090198,4157.507755798587346901947506436819683315,34669.2994664044546025111827201523167308,0.2572184600779034148546358274005577560492,17478.4642886273354433355486383254966893,118613.0171491089120547212109592709565425,0.2072355171233707081285179521718080498908,48178.426695059293859910053414139228649
1980,84319.2143886624521270625969255606501128,0.5847659617347217851933762867000343032747,96641.7327296166844871011274965526002864,245540.8683168473074666646468283491533568,0.3236217381517186427944283345474237007302,155746.2306802815597245766282260442194646,193207.4338192586173642129885880419705237,0.2918866027194857285405345199388988692301,110533.5364962004116746072509371877212218,20515.3541893345307813198675100218158739,0.4947426531189944393426589195818439393148,19893.6486921621965405551195183076529549,329191.8613635429253298426728270110555471,0.3813049129851190226403128391648534949557,246024.0491431647957622853195526395912614,39594.1613301119274393103426355431631618,0.6902280098531311354233196584762328105811,53564.8383863064401011490573787545390084,76543.1333668046840088840450203028539106,0.5055590615811674827486395146153973927778,75846.2663637916925264883201905038146263,329860.0827055097595937272437539098034705,0.3805324132131470430833156035337412288272,246024.0084574471610073705987470410174826
1981,61970.4425054858660853915646344850118879,0.1915818709986770764936677839252409577941,23269.9301107611785538686328995958998082,105796.2252485157222451607505571111975681,0.1534614084538861621315223330435716220615,31821.8499620539579721831012622568968813,67735.9051109592141659811041722483794536,0.1501446231323012124535379897961333341437,19933.5566130041620342045862549242539521,16219.9514042099974201562336465458311096,0.2687788893102468407050081445300201295439,8544.777825255893749301647014575478929282,167261.725161005400615686756672386017178,0.1553437132740767073360012585724678862159,50926.7926512717434947152111228992333512,23007.5658364083814417836354203464606837,0.1990049000555011639805296756305035986005,8974.091945997833464836150649378157605936,60803.2454024239953026313419524555382091,0.1880272103224711384379473954804987857947,22408.0226386779895653189297979360814278,167766.667754001588330552315191596209456,0.1549001237042824446057603180153578506607,50934.6720735581933809471338948952515789
1982,107765.1934923846638969200190662121788224,0.4252779672310205421676290326427990232268,89827.1183563299484120823688141044308448,77617.9427359652109257861591628477588978,0.3089862591040279867738009906651108629899,47006.4404200596450529643982459243379742,31898.1156466751003112178781730063447032,0.2166718621481243318936841713190229288303,13546.391267715377718107176423148210938,36270.3089849351556955345171529365251579,0.3740087156671605823339463241195488520734,26588.2068934010779115132681270237034065,183403.7470485121276899426742581903609634,0.3677191337004136377404805682372562689586,132184.4912848938013920440645014104698878,35886.1922204904686041597664300475155786,0.4636915369987949329544150339060961443173,32614.6423103967091060222262508851062228,81328.5193762491502117940164730695522803,0.4465450259332526199415545620979514499107,71181.0177562012213439563845733598095152,185383.13622834987482270617822905993772,0.3649019319423271452234565003914178594858,132587.462536134876090049845493254529333
1983,45678.7638926228219856782006929105084893,0.1885764883858577100752616710800385024155,16883.3241418079472622333641678424233695,24985.1906734654387399552827034501130139,0.1428898684202495353774119376770796970569,6997.455991261191935270218996849918505538,8048.802484229563212039182648068147743641,0.1981808891154523384580830045473639171094,3126.432911972981716628897031258380147293,15578.8985660592160516754109520406757513,0.2742429189912396342067099307190216117494,8373.909130152053098065042199070627463795,69954.5825209789110032748811251649767579,0.1584355011423232074118801830880335964026,21723.2471042700627722547546401758531809,17664.0850524047128218552034130417706964,0.1986146709300738638972428775846446208336,6876.359022329829217695961490839867814887,29372.1684633947686400636863832100273119,0.1505855974838348006916459992598556386695,8669.130053414056267149495636869206152043,70663.9545660882607256334833963606215033,0.1568702108613290181098171355684895093162,21726.7361280321723238315991193344685438
1984,103393.1593401398605879102743679841753964,0.4864081448680881258164635329935013396129,98570.898660308613677505989608322291331,37907.1352995269474160559484858431802667,0.2136934668324535553538610302291694723893,15876.9940332918705699312778604853540091,17183.3999889113988471305922294504482084,0.2750538065987465859412153103894999483031,9263.664771427522650704185360167968002637,61373.8519445669864883877118387210911109,0.7228737259760403726199249474418582693479,86956.4682640351371777222921738091042878,141122.9642401646146497268466743770577095,0.3935004161786269124670309143083711579593,108842.6125152978679409835328382246926283,23680.0993018261816282355660829545118683,0.4030826123696273049905376112422506091018,18708.2711239944784971743383239188905817,39062.9434043622410402123527027013044761,0.2275064534992122779676790261452372295859,17418.6605656471223285197220953837887653,141300.2946396668080039662228538273556639,0.3936891527398291883339631385936448373131,109031.6508260141608604759114223183822789
1985,14609.1579011445641382270170112884606232,0.185978640772232560814717658650899542534,5325.303005392304282368623889304836551113,23588.4210639235540255086835805476866928,0.2042293214608472921783593143571958465863,9442.196567307015416872853065215010980413,10973.3988299152045896725297703458275159,0.2507368270924920040221344556243204214738,5392.813001865469344103326242766294829127,3857.418417930870280368714011813491115491,0.234116088037875646342137383884810437438,1770.04407146520417572250319608305044282,38187.8971647332207814143148592570836052,0.1682801787960398012993617190106226402872,12595.481678943132061862207978617709756,5433.823847112778973578826876425633379988,0.2292521649409454478135804621762953207317,2441.603126482349428020250896308640276172,17932.9378701092643201156299332511953046,0.1768484480158863870001054520407697672294,6215.967972160511609915748732639418791735,38197.578965068118163735700591836147316,0.1682570279070075701228033958920194408995,12596.9417754149597249346103206515615716
1986,14387.360539742104027823243535681464085,0.4056241471736138514017089601630059731708,11438.2872640639034173181020181159696532,32373.8480659063169808265978982772055196,0.4314292717558322441440882255973912685015,27375.3703622155242281506573036813028684,15416.5756406412777065172614548555770505,0.4019218233327956972477018471677083025049,12144.6660544276303181295799584273313762,2301.821545306826141426702020502135544707,0.3229111106280276360021613766192620587629,1456.836153258598124465882651120579417307,46740.3893444689379421585943770847216929,0.4203240197316334925677471562113534726427,38506.3723328540356844964334930409101662,5272.750433127232500629038196625648024313,0.3810757345213754828820696206709082065545,3938.261798733647253758268807380156708177,23770.0609865730846600768397619753089852,0.4873512140027691942707129588232205495884,22705.3614343034586740030123579771141777,46761.2086056484210086498414339586696046,0.4201469916470228801303483322340093279387,38507.2989980264406597326505877510495694
1987,40964.5403453772936669106175327274309632,0.5522377383809170152985694935443339848785,44339.4436237241722711261735944193274297,64718.5454582861118384538672456697764668,0.3839727860838499801586201288412910502806,48706.3140133883312445698869926911552019,39599.3445841295358450555476488283773762,0.395762171738999457134077054410771658261,30716.9683196299391475250294998315804172,8313.196323382927375017540984138113915344,0.3400933511478207657548287604023672305533,5541.435080883323248161999547287089098153,105618.1873126094440328077575360518396419,0.4433876088693914521574539737581073436014,91786.3992302885017849334613401819707962,17533.9045505732232941992032164860386785,0.6600448329050377744161028412407926462164,22683.3996745417298634190004906781348685,40236.64034557771899109219292894467746,0.4514873375388293432311380762498594191367,35606.0138974193600675130838280203047728,105683.0858036634055053644847783972074299,0.4431134076305263829166884590456454280081,91786.0008675663731030465551124569999808
1988,13133.4168237695993520141270660049443192,0.192945181903519226482449125109235919898,4966.697816230851515553251823923911993529,49706.42485877407783668782901734280908,0.1663178604513594164484290620278975959065,16203.4498170672367438399976720052433332,35689.0295787011859479628551683990250321,0.1795628805957124052411543895067173901738,12560.512915361651748193752537040764725,1522.216522664508135070382073584485154608,0.2742941546873879037854753470209048192269,818.368784897455166340151106319746600488,62839.8416825436771887019560833477533993,0.1538978449735304193818613972395258824523,18954.995778305751493248676653215401537,5554.590284065066369611257160433847388344,0.2525182934323283535312836267571195508828,2749.165892125888963967847507172329295794,20074.0052971129167360574616809303958242,0.1834304137892989118566036782227621223825,7217.078872193681101803328948243853863149,62839.8416825436771887019560833477533993,0.1538978449735304193818613972395258824523,18954.995778305751493248676653215401537
1989,11433.8662774555342707474051478826703592,0.2242682672912258418426746239753651680278,5025.936621829681098351243817757232790373,47874.1177692716735505732353022036512606,0.171422577467330559940045176224449141906,16085.1411374868367155071469811424597828,36556.5062076918140124603002378834518686,0.1861184940351297452142169680552645100173,13335.5300898204858826857108967296035956,2360.943053975178753765657662953527464414,0.3970099477695853109712567133665569756856,1837.143041949475863424814676971589336514,59106.3518350448851199499795541451195245,0.1628691255855702389658146481157779814117,18868.1356862565776735667865168652547037,3574.046863971734682791001312550223646081,0.2890658891912395471257517648305756227008,2024.944668100495294825552049455123171428,16816.4879210884803723036812366991186407,0.1776896038184865427739974423192613803998,5856.70554958048987210624901492654712953,59307.9840467272078213206404500863216199,0.1622895175402587290806113544489180479332,18865.1256697682913440575771884971589837
1990,8249.990846145370753082551701211733252503,0.1951726257919520140543830103116095821411,3155.937857355449615704300666355053432273,44840.8134798156069969740822376453784478,0.1643190873083964954186122831909565610957,14441.6750285319126700172536336433419187,34104.2765133970476084741437184165586313,0.1697483105271617950467027482801176416436,11346.7209070046131195550595550789389668,2152.383961316736652794590975769180747837,0.4035821434833784747275247077896198336132,1702.580916106609362447488955562049887877,52995.1266639422033865004186055403211876,0.1588102961990840758079634945105661740224,16495.6966547129337354016928167653132157,2172.650451258594177869861023588123503681,0.2725527765531211437189613733391066442095,1160.637349421046021493577500697857014713,14661.4933999885993109180382210832488176,0.1989478903605843303620661698024366168383,5717.071435668190767942465451570277269815,53090.8043259609777500566339388571117004,0.1584963503577355190669264498037850538066,16492.8094975141236517251882101449611509
1991,7767.609036656497495222362360171254923356,0.1822676376082160992647377229686517927088,2774.936147992197654157107998906726449179,68973.7744291531644704404963963438904346,0.5179014477237276309216245939520416192749,70014.3705583833684853191957320551810943,58846.690481649669531757580197112351013,0.5409669754488745626688466096418118970478,62394.8676834668304939759153783790642018,2330.937866578933249076027870457035224874,0.2622642484219856647206220236353703158618,1198.190468685474427473325689868692746759,76731.9178594416747251236145890698938219,0.4710023393720383185740067066518628452848,70836.1891199482268327519269266076807431,3221.690559876894452170043593413506501542,0.2492035967306677281621193551902485117489,1573.599475146139044558850516727779959089,12342.064557704164732659207095532252619,0.3468122775132019627098251436422855220546,8389.543856205807995714695036137345855426,76741.3834658096619656628587565151453579,0.4709435500742780579362427552565229039819,70836.0847513198172448765503845379466388
1992,10900.4336795945350809269614409484320178,0.1958434565242791002924362125012612932439,4184.166074473901582942450395637308409635,27824.2714535458027078758307808471979225,0.1897365387058652558976184222889347434096,10347.390676912062043092773872863069563,20346.6369295109471711663478804388033501,0.1734245150378160166666327859836558830987,6916.067058615869764709457636104191478897,1712.128936815012497535283318351784492339,0.3375273496993782190728763146501470359964,1132.665071078099302361636711733558669525,38707.6077457072555645563389101099808977,0.1759430974315680101830234271344649506153,13348.2593458539409761904464603113562292,4855.026528444501606714328924672113930365,0.2307454457946250499428040061118747243645,2195.739510875288462219391988448881370642,11810.9127383698765133868320983329281677,0.2839719060318075680937484082515723246296,6573.776108488889172225582561600776404242,38724.7051331403377888027922217956299403,0.1758549111091074662256559874498233091789,13347.4619746729917511539986224450977616
1993,9261.82366525124089319151292540009269062,0.1755281226115247594461605782049501373417,3186.392619044261263710981178489151541605,43549.0484722363360240151300292860140731,0.1999830589540419437754043193859781295141,17069.7809789107120844067354948919286462,30697.8900635045860054599251361791972768,0.2206979993208737628369960209546796130021,13278.9273239596814069406493737360685902,1000.084792627317251299969237277438258729,0.2988740386054500591618662987378809502623,585.842786604023852417702164724042814538,52802.6644472269338057793943341836403366,0.1810216686352289930275249193086112356172,18734.5157961812777601388585736516949281,2678.622195680967246686367013960010445296,0.2089318306908226008796205063880536493569,1096.912900582482856628321357778933412683,18434.2750856747064137603815672694607829,0.1891606551093338645955481632013995401423,6834.597521276922271855965907366252527072,52810.8721374875769172066429546861067638,0.1809924063385866661446150395569843604971,18734.3989848464610901704334409147536294
1994,4980.16329270967238456948102403472072785,0.2237864137847872066802767269920585996596,2184.406051342744742384658350218835095411,35014.1370099233955459536297821877920809,0.2515314114761254583887620050780201996788,17262.0243952999704463421893899850889258,24892.7149799732158193784196594062989049,0.2599076175415768042644433678285387937261,12680.8202393892622204913230118204274092,1087.740206230353990771768920355142869995,0.3733364577135994993241609439202327275201,795.942427993133080609314842184334242518,39621.138917705808825192079631034972666,0.2348754374042174461002432658416687558095,18239.8233741488523615007519970200717901,1505.517976880006543965796469838147621117,0.2631438045633587081035251774243303005159,776.488747418481846571380352459233642898,12508.3271395494915764071257566229234126,0.2287457033194278443856068245122063809527,5608.003134216041636828443309227170916955,39994.3003026330679305231108062225128087,0.2328336132655309275130359835989595499862,18251.5542009979975772971189378799936895
1995,7833.550447973862568306794646689577298472,0.2436146645939799782563649346986245994541,3740.400819327821304831063437093893475961,30152.8200361756358072799414819402991932,0.2645765386422690483592233020432780713793,15636.348360730230723168001373797662001,21936.8893437952640527450952016917304838,0.2433133223624479216665416991386089402992,10461.5733599309632406550594092317245777,2434.128726549674485396975546323903728979,0.3923523538871476326613143781627873350529,1871.870825631136190438781697083899323711,37939.8584014767764115847968071146448673,0.2480543629843956691796146839772253012694,18445.848918693128103375992572453413433,2588.492850835554770835028200641590444647,0.2575494416404350929940852608105547846472,1306.66318130899214063396248696655855511,11026.8595629690050666096371799726518341,0.332908689881654635925499838724516525427,7195.037246409332304390835771108622600937,37986.3704841494983755867361286298764916,0.2477539165446329747267427646664523607922,18446.0932430164288513697981298622458424
1996,22947.939144832610448956248211554997267,0.4542384217007466582416259545471699879857,20430.7178905297520198746440668473340361,29736.8634217677178709019165710450714111,0.1791146961449685682480638146770763446704,10439.5661419449359636644097995854480697,23424.2363037139318541476590387949909707,0.1826297518130893230042642642757427237938,8384.806426614527088151946290663070296868,15073.6240701426876201647733361732189838,0.5379180666988793442673508460309098550373,15892.4144471954208541279080599055612107,52321.8695961272340387285098258296482256,0.2787072908860857716704917750815110269862,28581.6735972940929772957592542728710829,5173.977794715670638831245179731618264583,0.4213498921424881222117541181826046101469,4272.907772072109694438390814782095423117,9012.964398028038206714487227900240459174,0.3088067362200515149547558215497667606286,5455.197674068217178831559760672496303369,52684.8025666003283198581647826000686784,0.277047780053998795618944688475791182074,28608.5668835732844288400307852959720531
1997,53651.0109958678154693792921894784309541,0.562686181839281418946506097565243685746,59169.8177570010424274564235280886155836,54535.1071672445067447728041869789485252,0.2190470476033680733211769272754094420152,23413.6782628076462637854490783693150244,45055.5245747416403781071171508623796662,0.2026714304056506964302332356585076914791,17897.6765219500767131902835880608817538,3793.803818323863895704930238599208076808,0.6048448781658938203611389798366381914235,4497.539104227624453953003928319590698711,108158.1278045031182473899202251677226635,0.3690960037984595161187562010260325512938,78244.6361918916993649945856232197315259,30876.444922746936163349885563785082816,0.5276791862891496705364163162311803803816,31934.0003713802260694202826897631951889,28460.3448472998817769901634232107089204,0.5787322991592355452866309722619661174635,32283.0047843514235859009115981353890597,108186.1181631123222141520963764573794796,0.3689940056354807278945383209457827747449,78243.2570265140942277780185787233327488
1998,20098.0657835065720003731684810458927059,0.3687277807161092735907303824380137749293,14525.0017783559503879101901825713472605,57317.4826136390126035373079892821590644,0.2353019444960067305395455907797250741406,26434.3536207064227582502832179093972378,30253.9503265717249758153290467418045464,0.1975616537387433594394505411343671339475,11714.9600989487172313046658960814681349,2257.106925202939001381582849814769003636,0.288982070260210460752663515874426285154,1278.436326805854498729011431220539379943,77291.3862954421382992987653133321478856,0.2607498831503004028835840204901450308796,39501.2910923200842891173940858552084966,4183.763422229552219338930421909541136378,0.3019398436578215159789355708106824082446,2475.959952274234475792493065189014641809,40720.7277231413684073746341518619370837,0.4096242821697337468380176230817854888501,32693.1897715210806372241680141116889042,77415.5483971455846039104764703280517701,0.2603365055996952466169344808219575278575,39502.0229636420609255516095442533295226
1999,7307.804011364359149289419571083421346928,0.2862376524356625558482889526836221511434,4099.866582758790023109124317984360573182,49669.2323358883018056902267427672663968,0.1874386171441925405742155847378971991716,18247.4671583589304894069912873701146698,37055.3991421007001123180110374251465547,0.1887714120401758952959158379611783799303,13710.200038742676419245584190378892389,3032.607132847307305626396551584879132731,0.4488630611016236568532901006845628233657,2668.001628706182833722865501546138575237,56514.8827685835481158291185315855677977,0.1804105854438700507386524356623505126476,19983.9308496808091811078034367550371459,1740.43626981560818229674598549617571246,0.3477736412283361068250972659431176452694,1186.344603404088320498698359458479237666,15148.5938024890453547384927393444863437,0.2297892093665294778192829198877491836556,6822.727450061785633132307090319977343332,56977.0363472526609549796463138506877437,0.1790419473167069108412373353352803288201,19994.5078982959351499259364798415234799
2000,16022.8955356448838680788389972634368599,0.3132516560539982398433909439600015025323,9837.62918018911110921655531479326041513,48858.6991828734435604324693186886309032,0.1600578597574599237865354070496352110128,15327.6288906187876310731235027199340933,35803.9599363445631679159875169876968817,0.1606211111896278800200960718906975484949,11271.7087867305807864318850156802013564,8955.531249265663433602216564351156830865,0.4954865743305196783265669067983834497156,8697.197180016783280674749686527231899047,64856.2343248900976680723718475747125689,0.1726537601701061659389701445566828527924,21947.4385442649333225165699344011206622,4469.247906438261723488380235816486860899,0.230104359845809875261792923644710703523,2015.651119866276314383564423278924518371,15652.8556264698391035047239987967271897,0.1990788783866397141250089451122851564954,6107.659765664611856680182115216397348104,64881.5947185183274285113083159520677631,0.1726406715081262092287366042337795211581,21954.3560782172739343399912398120328929
2001,13380.9559416776411499679069214523886824,0.17501790150172159133514884758744285395,4590.137384838850815431555931148427067612,41538.073696136193332830913407051441902,0.2081774645254906088184943295889581908944,16948.6900921358296462501798925285616988,34187.523371792581859381489529656802121,0.2005784303944161990922879555609996633112,13440.2683628936877441775246426616519064,2637.873467836276963486203735360546866247,0.3089873927129608583268776652874182895991,1597.53650446151816209812010942194307974,54859.9928092232513452329336022298585219,0.1899687273900837554649690930525172082285,20426.4987164506823958495693272682692825,6606.015442241959663259003438800066397375,0.179159580328721348926857575577027692158,2319.720670383159235349632011325665232996,11487.6173559430159966721236246864151997,0.2620184770187043859256542248685311353268,5899.537288188536566107878551962944240981,54919.0296378138344827988203285038305846,0.189830485690743100905504151467083778852,20433.5998968286101258355080587943803197
2002,15088.0087788405509714332088252283393434,0.2182691511847207907410983719706677358389,6454.763863681279764996304196679380111226,50437.0110135550711145242997697504389355,0.1497652855973094673078731037608680068766,14805.2781838746478087490193314531944496,39499.2846508870178183083259927874847809,0.1599522365053014392562332629661367319268,12383.2778837270504035064191297603490854,5377.472776671411070143163146274379345542,0.4057658211441411423687630758109531338875,4276.709527536426065215282637075646535424,65194.6565252585025572827664778638078993,0.1472766517004081894441736539404880396196,18819.2354147245513882371564583408865389,3166.491409918378634667008559791723063363,0.2566027792042706141859820542020727147771,1592.559772378550321258949469087102024524,17481.7709549188145628390108961251910891,0.1840794252186803333852544190085516428555,6307.347324404708581710857310249443772627,65525.0197923956220859575085949787782789,0.1468156408537914742061267310204976001179,18855.3916346447499259388308003495263546
2003,18921.4362317107442411941070230031561768,0.2221337759628316907815858686409177345879,8238.056550508087900085945399840504905489,286404.0635172494784117989051609542953601,0.7247721390960701565917352597247860490459,406852.2640919591561476999180768370802759,245886.421263977919238408479228818646975,0.771456848352468346521082388103577374028,371793.896657912493230237081138942478415,6525.254320707585740797157396164701272978,0.19821245062342431386572009606672095772,2535.037833703135461871646399224204312055,305180.9301031969797161741204715498082688,0.6915634458672866032031893998162839631024,413661.8722448948644339001829492251580068,5295.680864768147661765415256221282873833,0.2389473879618037832140455075167997904609,2480.162655826684064672987106766634696787,47618.1432995065700120219603027528204149,0.4528966316445860508880140384956587055795,42269.5495428108513032833694598084004122,305325.4997489602226529930121839574515369,0.6912348307866591595758808485858543148815,413661.1755014963398953370174089003722516
2004,94261.7571494441980460507326408049993841,0.7933531012320311265845126565452018536912,146574.4004297005878369669836585645564544,184163.4069868466808799593268098724527556,0.6193996520979390550589097518979860657286,223578.6704249750258314011638286943667352,151439.5772204467728743832034679923167041,0.5941944522240081295003649942824530099218,176369.730997815949664332277186849649264,9182.299510747339272134291479574410720923,0.5138286918369785627240456356670703644787,9247.532733498761889203715596342540436241,277703.6233610591163590929397741921211204,0.6756301615009038859394055501717648152894,367744.890045604369754549810165422439432,49885.9193449621099587996693450217647761,0.8642236720109904533566868313300147742634,84500.6810999766261487886179659590593936,67917.3680601346568206928951580889599379,0.7806958277552773870921339014836687164993,103924.6995182666612922655587333304277789,278425.164136290878926010059450677452139,0.6739058770875694247798670393054688012355,367759.4147034144641644818234076057058322
2005,44023.0136816604368288250763458216386632,0.5087524134255881922109285336864364210315,43897.7563353523743478371817106493905753,93137.4043488764381069550300203874540997,0.2080982537525134466832733774056959585362,37988.1931599241593514682778983794811521,67636.3411286423202505969507706912706321,0.2256987089896863662002549014992748449966,29920.2523521003723727629132499557488765,25503.1178330465952771013030298292330567,0.8321282102589472651622384214651745385456,41594.8530449347653893927190733161764001,136037.7393778710766852303741573926078619,0.2274474924572511954046683646173385140075,60645.2276940576778584681719523287196005,7893.163300533700139023263167515396375272,0.3148449040464755774453366552503123558707,4870.839594280202770944489662056666544358,36127.7957683142592690585893981731926986,0.2292759007689625209671383010791919330308,16235.1365184516338079617646664347311246,137160.4180305368749357801063662090927627,0.2301257185347747967817634732792808922762,61865.7139174624627397551820666647316906
2006,19099.5838185096872581300510523470966981,0.2534319998039446716141228820089036026783,9487.27361619402489191659052470435009148,81630.2893537372378301689155061391669922,0.216033338107019551624458018711066719348,34564.3332434703202487674722420101902635,62356.4762863348604952844956690154152706,0.2082495629796818789836113651688596256248,25451.9895137409770313965742480473471137,8721.051932741078544110152190354348956243,0.3880243034269897485861963013418997154193,6632.600998650820921281147204036136441989,100380.7162707751083517142259044312298965,0.2010998411671023997960217113822888836085,39565.6303526539778040200698487351965902,6161.533725528208289155575550599766000901,0.2493765195867372307614492147637659298797,3011.621998145513419439867866842902837522,23490.8112276427777597487431485167334628,0.2494211969394980935913821860523418672844,11483.8482568177860195729498016236606678,100729.8731722469250882989665584862636902,0.200427596901197840964289941821028954443,39570.5309755087431010600387484995218656
2007,36072.7646737598458954932927999113336907,0.2577785023303752665013266455443203365869,18225.6151749350468094393535730633605927,104729.2962262913088289561528470743390782,0.1951502228747573487595154706920313837578,40058.3731801513760116436596367281379774,83692.0383611449539522780651963255576218,0.1998578842251363285369927246732256063775,32783.9668781608580548267168381558188536,7391.521620950578097983073990677847582613,0.4432729036378645976402318482587995543937,6421.86405239280394192706529557227690456,140788.3460441268322622620730274735700535,0.1912419421549644538124397029668805197117,52772.2879913174835982951203433395884028,18887.9499962929662940047280225854687604,0.2744228729101100439760498877557247912771,10159.2395826758276044654495590254033644,30830.5509216626563801835784373967988045,0.1943079897633884814494929025607399386255,11741.6198508566673060227869077524571312,140802.0609000511547244494456469856727689,0.1912226816926098824943597646441911441516,52772.1134393817492490661877223743638501
2008,23679.9064153561156604146452444694486776,0.2157996650467076127478056524339455351524,10015.8271106316157273840740723703764166,70049.9335032359941638992927380547879332,0.2611918309738649191415905186945367636602,35861.0819669630784065001450262386030399,49935.2249391272821448229358571861798759,0.290688256304391292332922245411962014004,28450.5435928160283832750956338634320326,2523.633256134267191127178020523049907325,0.2661176156688083513254975714871253568767,1316.303199292126112039305488882509439174,93729.7061626642098286226286262558512715,0.2193996351744994697080225399737792911189,40305.9561407190620790643125183706122047,8394.377345962130518498664468342144339263,0.2578350480432066176734934048020489514819,4242.15478512634431478624065811087804846,32876.6043773684299698651596364728624884,0.2013304089786826100555332564358081262427,12973.3580020468285897586309346368404173,93729.839918592109824313937982524236611,0.2193992978077723299695081678477369375778,40305.9516810770739156664142201618315807
2009,10806.5576872047230798056219095568680578,0.2743654925709260571814637212193855139684,5811.295184778260596165931389975830202325,49402.5414995720373645134559212942174277,0.2729477317460466710621778623655542616092,26429.2508238043283270176379365137378125,33042.4433576006668334409470601951796563,0.3018205786351413670289439987701328063373,19546.8631724714365379159277990393286877,802.101594907193040026240234186444694395,0.3431335419515088406927035540621358189769,539.446804080300566850033841225026167127,60203.2970829806624930472051000795040143,0.2639717401694236570677526490891307452422,31148.2594260651375429956212753218043064,4210.706419933444253910916486737989116432,0.3060779821889053892480036469622532511191,2526.056868222072720553762466099753547685,22153.8478143354563169409740497314720182,0.270139958775717046137303223997781804324,11729.8934891646551347826047177799233414,60209.0991867767604443190778308510854854,0.2639448909253725915746960016077561635146,31148.0928704347140161202575764351164874
2010,7782.172356636543626706477454865145809128,0.1940473489930838619655534321994980568535,2959.815433816659287355414349044448909223,54767.0075467418386056285551365792964188,0.1904502095995251425756801015086128497027,20443.5606101748865412043525549491434375,40008.4247657375811183444312317872559781,0.2007178189200178742906514994998472149304,15739.591364512769724752342561671830424,870.880982698448671291026869429479073329,0.3440358529971323921023087830590208574478,587.243992213617703031964166371585661712,62543.0475283409542329428311561480682476,0.1824064270344742846546886442806600012588,22360.1775175642837852081342689692826781,2358.318802992048746893862990475047724788,0.1903775281993168791129143015907266548271,879.982972662412056195467296099909094031,19311.5553519503036958057114997526594516,0.2385203801778862670109466561515425327563,9028.151067772022113930473111957919985955,62549.1799033783822323350325914444422279,0.1823851285301419476772527226964074318516,22359.7588236199703535197113494739543999
2011,9938.935053370706211030038174819992373077,0.3001325730514192309031094851600480072082,5846.676375879825757792254810437681766291,38545.7057514779245542180652453235250936,0.1566376633389670362225889776095852583401,11833.9101900992536904610366059927860135,30042.9288560609368099643360436932785938,0.1718241397467672934534341592998286539773,10117.7167960853640535940532985843633486,4652.480745097651884485730730967625416232,0.5582845691440110408822582504375616231825,5090.920088126194078455529229606911702552,45928.0627231181737795395639578353976423,0.1446513553886627059623052785912869814592,13021.3707856181352478225452306144486503,2686.672943187254030259193439124910041838,0.2876264518714986774161123931247365937946,1514.606083736688586720638980066433838091,11102.5582605027880405388432063577034148,0.2072232641968670702930927041437014847829,4509.388392807465147273798366128235787708,48484.6408048486307652481034201435174667,0.1451691433828195910818518417932404458809,13795.4085948126096255711594157649007716
2012,6943.966298685764221020659992419976248886,0.2563014079324476198146930607120001057588,3488.306744417711797281644374475705260778,36095.2092145746119806517442395452707566,0.1992781571520213434795778537368253367991,14098.2540776222932884421210102757037285,28583.6573819113512789435715971904027824,0.2188494644237499336452377665716024422237,12260.8154942344002659978953566204506606,1551.190228044973645491971344172027444605,0.4270597404519273820163933597530657332657,1298.40375651368688455604395963306036618,43016.2670647989395900716006104835247545,0.1882939181791608214783655662481800773398,15875.4148833014766453671881074544501271,3263.600074560692731267534194515117848134,0.2862313348166765180865845359965308352329,1830.923427072651695918141920282066940294,9640.727828743358545969327096087698930364,0.1935554800456023252488526567544297187109,3657.390777647579605868061169884692531388,43039.1755132603762016724042319652470056,0.1881727051118971204151196790839220639751,15873.6442409472192017557333862398555998
2013,7901.552172040842798334063142838392515296,0.1840523410681886706977844471632849058284,2850.426383659634479265782115689025165995,41731.2413497636325169751503142037252078,0.1464759827352427173045157016781324380727,11980.7441914377206615116172446089000531,34960.3315968236164518098670651750058176,0.1551767556660725024393145544776472134006,10633.0604350421384158755855010699438249,1081.31709284828487406155274383369702467,0.2909395153742327703031729871191844234321,616.611827079942351705218765071040284222,49626.8947771626390026207531722706343466,0.1411340499489648350470174276945513042005,13727.9275067325042205392049483057711008,2655.098758764618981444441538725586942506,0.2715433320436744180064770159443019827861,1413.109753165538720542442793478400811675,10936.0460733679550079933521093078279385,0.1691401205168509355468202129846163003793,3625.459335621489102483509296959494462586,49632.7935218044753153092134570421177231,0.1411179850972711853301251552826366265953,13727.9964404300458840763101843970628537
2014,17159.6490677058213059198587365229890428,0.3616890662976976089475156799702530866277,12164.6566006175645067216654210158010446,70550.3421192638435279738013082881492248,0.206034471714558380472231369266532950172,28490.1728369348109097431235054925549047,51430.3280061866057879139342944131844194,0.1892614582278803097591328043945516812696,19078.206596154575452768656033833654419,2401.770624352936091595965503834780564465,0.572709924416656624020254508302822970882,2696.015030569059787689043497269906938459,87700.2480905399500729855376878559253426,0.2198354890525334382807913008055759747165,37788.0687808642290664654608485275436572,8728.166107737046910489905174938485363382,0.4059938944944909188740495923482796263293,6945.421013754972720623362802615485287591,25149.7264486930760438938550716246879204,0.2939286680034423433692341149870348610729,14488.7621676019883459069559905499292883,87709.9911869696648338936600448111382671,0.2198062318944294967785809287921855868698,37787.2372181107863718414458349730664965
2015,11329.4393761758633187210700620913006115,0.3488060259312002084781001008376387716651,7745.482380671423432595475022231160242634,51711.4320692407783888538077932732913467,0.1882482926140482253108800294552552221853,19079.7940394973541033531927039887374964,42767.937094282263580855554904019286768,0.191061463750740086840243542821785034638,16015.7571391529603247848646972124136547,1205.3412817930417031203278466410957536,0.5267971098465225982816519085844888390254,1244.541795109463584831622547322220299455,63021.0667387190991714158787386099800473,0.2073339353382895554340436614044101272751,25610.1553212650080281353321422088989831,4734.585558969858013403095099471180095778,0.487609612398766277042486412339258409957,4524.913681385053738908203429555426892258,14333.0075103714784101959000052330293411,0.2740904230874967416718591842694535754796,7699.938581562614245799434977596711228961,63040.8714454166417075748778553645919584,0.207265798620937265811647445888378669358,25609.7844691524752699742702407191223329
2016,3688.870791708347968253532747701546678232,0.2280771492588934035473321037152141012148,1649.04038294818483087741115376336976227,53274.979513848221459464548605185869119,0.1870619475743037678644962227839993795082,19532.8139926895031433469416632553454707,46092.8444282329117878768940126566249175,0.1977967983961686451440966516943700779384,17869.3534314792149365451571485298883362,771.607245865738835537894761753420708426,0.5168395187183784000949300823929855999974,781.642350482009385269544371899356192186,56590.8259158675766549700224381299888336,0.1847417366167881902133023446569892157523,20491.1874143004095470854415951561546278,893.459486089155501264034346262830846374,0.4029589927020217586083454186082586482529,705.653967687722160276845862428024699763,9205.93914536876330303925823221453932505,0.2024695008843728015937080033900846254387,3653.286931712057109156305799411837025709,56963.8503055565694277180813528874157972,0.1838507926673964210698808012036700812093,20526.7841028444347441805788607863740899
2017,5302.937422612004185025990076425737559637,0.1584512954800065251444743753003381130468,1646.904316746066665460766885198678259925,47985.9785097869710134003799445066096014,0.1491697341795867302298389692837737310798,14029.7890909584763267657518240307962334,42484.6365940414579315888507877059499829,0.1666821900668254518959931179517373332145,13879.6072525085313478133737025995507802,2682.704739278083954439432543225183683638,0.2143586003544208130300727351958672235733,1127.119232828610104662509989927437625253,53283.5247665626260855336081188439640373,0.1374352655430898858500112653746951270271,14353.1493357141084351071389553290583923,1409.474194412476628506186277384432904655,0.3152073384510917958873663374416962001268,870.782154495056816239222882802959564189,6712.100404666956683891900412616780589723,0.2433659920925169108974715022499082078975,3201.654069052461950616882498831460347675,53288.9159323989751984263700209323471611,0.1374225491571136292701114610272127417495,14353.2733917288119239786182842938982189
2018,7108.877128186721885369913003462892546733,0.271810787966955516814022943803989405664,3787.248207794493403488769514007628449788,32412.2047474447269118581074474011721801,0.1413954397338720251113544973774939197309,8982.558368298113587486086522673391833141,28414.6872833691917079616134654583664598,0.1448671350831044303148147023455281900414,8068.054508407068124542077732707801402917,1150.018235422817338391307655435286089328,0.277823974145853370600011283871845262394,626.225167550522689467107280541048816225,39511.6059994271676752934317491579305743,0.1479110432297602938977171423765098552499,11454.6376115947148411679443845576573103,3044.769510451035575258600670396652783142,0.3190721466405123268229380022703177466175,1904.142241701379755289328254581271955216,6911.60684638840417561649865957375939456,0.285350218156169681835791286340331876308,3865.567901996149889263310790428259603679,39521.0818756314487972280204508640647269,0.147874606968498984460359267541288609279,11454.5623206845835407091510296156396151
2019,8084.545882049149441338340789547164745678,0.2179234306077670192803050748288205814613,3453.151468103210998501546385629547723055,29562.0568736567721451871289973558899817,0.1825615911929023512432036925169826150289,10577.9164379081189149565540141985087397,19447.3171994039112419476446106765936724,0.2325405194199404383687296595548141306975,8863.686916032504764465874476297519274346,1205.788036762190081148951285432734430387,0.3378515599600715833797761342783662622005,798.459643634544199256547406304852320191,37592.7091067779520733663067708862770429,0.1814413301305118437351058217578266008195,13368.9074413446669341662304726145444604,2100.509171892883257882909735312861094208,0.3234787903144363247514376790813883336912,1331.761525297845009176295119559078705781,14892.9883476469370055459641554808655303,0.2288218373609434542329624070697622730601,6679.368276707239085723172617041420768512,37646.6027557059215865254697869030547273,0.1811754388512983863895078060439779786055,13368.4539600300182623588455021302644055
2021,5683.873279177796968989613320201297922474,0.2374264522280110200520140500720743262277,2645.023660474000089280335928809445106077,46281.2846831937989386671032477056168725,0.1935905267457854756751885037586541535834,17560.8518293706359852270465659469619227,36576.8075396417047485043090131490136749,0.2028712476679486733898823631264805736776,14543.949859303987511012204019709418271,857.219547423539076463406717417274490595,0.2602297427777490861911069400804652973333,437.225083766968674206852662456892121307,51938.301168513003246488662780309628137,0.1905016866955099662017935491441706240539,19392.8945943341625104744095696466004227,1708.084197101332813324381127726495724401,0.3570523872372822379650639006098431126175,1195.356058747522509487724130792337968513,12823.046678205019269364619709614130905,0.2089501724183759411154894464942926040606,5251.580516106050433135497527636050346142,51965.1579623715959076567165679069147949,0.1904008626920136927647126462411417641328,19392.6533756861399122807441106116742387
2022,7091.236734921466425683008885250154729364,0.2711178755311169400784301966088889205136,3768.219635381839561467009733544739878769,54289.3407002933977793088757586797149507,0.2621922209206347125415612116151524025107,27899.1159086327870821796895803985047266,42067.2307019897228217427329236031340226,0.2585376200161843652453106878714401190556,21316.8849444737999134922872612986852832,1777.086596087917126345330715364679305485,0.4618817811156420684965395289245158205848,1608.775687507728698941094536481622348173,61326.9326359263663071547226478881718183,0.2436941027086128178088610726504686196665,29292.2231683438938634037008106235382815,3148.552305530731097551347191739004883137,0.4101639749806306163728472509291646208014,2531.188548978990722937513001812185974734,14387.7078316064931593524738132230514689,0.3067396718519162372630793805871490500558,8650.030326777713222536291105107974841269,61380.57743521486420499188464392986968,0.2434619301187393809140546396761516885628,29289.914354193099034926095421670099309
2023,8576.852392131147154445194446464443447404,0.2980828843382303594216738707679337320714,5010.961283195818109952253281541052845367,45303.7915086222495909116065685959627834,0.24355240683697324954720228536371349961,21626.3410231001452484079209714784853957,38136.3404681169948828768576082408169119,0.259933814569836559582698290884451086712,19429.3319251588867740797304355554838725,3455.262264224174644709229408168811404332,0.3331681256131100683778227005708670271527,2256.319174063626701098934297826568839029,53870.1120780185869832721827282062036188,0.2490107150919556613886742796661291951828,26291.9008560371635898925976489211112717,2605.735946717368033657727478231488317965,0.4242177070587151859642929435563074157517,2166.582683893148137397517006626407599054,9683.305221694859184112986520419289596576,0.2288080037750941384796845868329714483264,4342.610765933054402507879237185867017043,53880.6439007533967453568010150604062308,0.2489587006117922901515328076183475515436,26291.5479835701841143312216157659559771
