"SURVEY_YEAR","BIOMASS_MALE_LE119","CV_BIOMASS_MALE_LE119","CI_BIOMASS_MALE_LE119","BIOMASS_MALE_GE120","CV_BIOMASS_MALE_GE120","CI_BIOMASS_MALE_GE120","BIOMASS_MALE_GE135","CV_BIOMASS_MALE_GE135","CI_BIOMASS_MALE_GE135","BIOMASS_MALE_LE94","CV_BIOMASS_MALE_LE94","CI_BIOMASS_MALE_LE94","BIOMASS_MALE_95TO109","CV_BIOMASS_MALE_95TO109","CI_BIOMASS_MALE_95TO109","BIOMASS_MALE_110TO134","CV_BIOMASS_MALE_110TO134","CI_BIOMASS_MALE_110TO134","BIOMASS_MALE_TOTAL","CV_BIOMASS_MALE_TOTAL","CI_BIOMASS_MALE_TOTAL","BIOMASS_FEMALE_IMMATURE","CV_BIOMASS_FEMALE_IMMATURE","CI_BIOMASS_FEMALE_IMMATURE","BIOMASS_FEMALE_MATURE","CV_BIOMASS_FEMALE_MATURE","CI_BIOMASS_FEMALE_MATURE","BIOMASS_FEMALE_TOTAL","CV_BIOMASS_FEMALE_TOTAL","CI_BIOMASS_FEMALE_TOTAL"
1976,189.968352479134774148769376767022445907,0.3471830176480230683352211147287235933181,129.26942030780545759345020517663196723,414.914311159215374485756399439301326218,0.3863464233106672473387584391524759625517,314.189293789673375482997266034250876291,414.914311159215374485756399439301326218,0.3863464233106672473387584391524759625517,314.189293789673375482997266034250876291,67.08994643417302941680491226189100511898,0.5604773093002364312816672040656721274895,73.70068961070369086995864280726445693561,49.18259859734681837900309058044256916536,0.7071067811865475244008443621048490392848,68.16360400973743515714784523061518197299,73.69580744761492635296137392468887162298,0.7071067811865475244008443621048490392838,102.137178174804110792574181748866639318,604.882663638350148634525776206323772126,0.3427289806257042482316480099829741294638,406.329204665587675783318198116761410152,29.68902535860819919528914834115076172906,0.7071067811865475244008443621048490392831,41.14688986946680796919150224521281415312,0,0,0,29.68902535860819919528914834115076172906,0.7071067811865475244008443621048490392831,41.14688986946680796919150224521281415312
1977,0,0,0,0,0,0,0,0,0,0,0,0,0,0,0,0,0,0,0,0,0,0,0,0,0,0,0,0,0,0
1979,0,0,0,219.649057863890035416178002749157327466,0.7071067811865475244008443621048490392868,304.418063061714293842688403919076034809,219.649057863890035416178002749157327466,0.7071067811865475244008443621048490392868,304.418063061714293842688403919076034809,0,0,0,0,0,0,0,0,0,219.649057863890035416178002749157327466,0.7071067811865475244008443621048490392868,304.418063061714293842688403919076034809,18.71628263728935579313727725765896776042,0.7071067811865475244008443621048490392845,25.93944432800543253954680205321170331675,78.9062656889374049986189404758125330791,0.7071067811865475244008443621048490392842,109.358504871639886794784482259230978368,97.62254832622676079175621773347150083952,0.5849498278210750202054751416888808640668,111.924413956366601489654595613497763824
1980,57.17437529928123784160347443818295837634,0.5038072663279689845434796025102779978148,56.4575368181388586613386332476273525643,1407.940591537618822398961880341970481872,0.3375201089919535426189773302246178113637,931.40819334354639120059071871928716927,1288.579935717413299650481910678119625062,0.3212578280055489856487333163489683865481,811.374127065808014789354462850203483247,57.17437529928123784160347443818295837634,0.5038072663279689845434796025102779978148,56.4575368181388586613386332476273525643,0,0,0,119.360655820205522748479969663850856808,0.7071067811865475244008443621048490392857,165.425429109188118534312217974028945621,1465.114966836900060240565354780153440248,0.3238535236224501017086125302749044913318,929.985983263353653619306139570749326251,38.36409328066818670543042356926896007284,0.4958927415780718832154903430860229486455,37.28797177441056881223385027203799322661,80.14255011597439532568933077887560332994,0.7071067811865475244008443621048490392839,111.071907671232922333731499735698516784,118.506643396642582031119754348144563403,0.5003116022537232518934524151978778771266,116.208887325550330639120453686542619818
1981,0,0,0,0,0,0,0,0,0,0,0,0,0,0,0,0,0,0,0,0,0,0,0,0,23.71315194157217032826866836146486792134,0.9999999999999999999999999999999999999992,46.47777780548145384340658998847114112579,23.71315194157217032826866836146486792134,0.9999999999999999999999999999999999999992,46.47777780548145384340658998847114112579
1982,750.310850361576000588426134116895065522,0.2617779534957778647468777399447148878706,384.973084230927165690216827068525184991,1676.78515026597700982947076814639349314,0.2631626760204080071822305918907827693244,864.88384382034187149973948450475645423,1135.460622204255505492791892032144702814,0.2862406466228605015976402611325183648726,637.029366120501560562376197893392605692,15.86105803442770625480742474674493864856,0.7071067811865475244008443621048490392855,21.98230491815691916919206767558381898488,452.03396989604711875263230252232171387,0.2975764545616199879158012440309778788416,263.648745562036335334714745025070229334,823.740350492822679917665282962077203314,0.2324897581411961988241633439177398337631,375.361941920152242521334501989650389243,2427.096000627553010417896902263288558662,0.1933882231273192213370648288801893654746,919.96869452473925548911478263663014534,0,0,0,1172.726872307562816263968158506130313738,0.2316221928905241050982772084233479387125,532.393956858025758487609179241965690208,1172.726872307562816263968158506130313738,0.2316221928905241050982772084233479387125,532.393956858025758487609179241965690208
1983,551.965676331724038465508676116593488302,0.2317209377740218963616304242095913275802,250.687928111772299617346812608616061304,1502.796207733669807660199347019188272288,0.2683519639278874284319488144877968819838,790.425494908275094152224055487727692677,606.99930873227309587039596187265031247,0.4041632062921835495762829737844103521869,480.840502195374025312129598173704809214,71.99679753994598335835615741348054954244,0.4558296747964442815140530501877073182835,64.32382254567727382933330923569824471209,220.629426504919102338659893247311018856,0.3447393477753499348743153120653285748723,149.076903402976417596004600143970260076,1155.136351288255664558296010602339879728,0.3057644842219053948347369038803472148836,692.27135448894934464247149210918138986,2054.7618840653938461257080231357817606,0.2210140348087358411491966867145525148122,890.097180554245485027826816762743063694,0,0,0,98.51249369908254389503533182689374339078,0.7071067811865475244008443621048490392851,136.531350559387872094493434893545545804,98.51249369908254389503533182689374339078,0.7071067811865475244008443621048490392851,136.531350559387872094493434893545545804
1984,376.537516245562257430712750118856659648,0.5040468826922839010780760808833020207652,371.993420109330891173376384450220469785,2164.134920855975441087875936015093007222,0.2462625653055186205636883824347509849398,1044.573017863406125928545282982437975269,994.792597976241807158517505503724507048,0.3734020694358408513309283599221662063582,728.056924897818906616442849406986863386,26.40405697814485855968107230426027755888,0.7071067811865475244008443621048490392846,36.59415597056113111244635886432534253835,87.9962877543961951451426886079475455994,0.4970488082245731937459817880083193028598,85.72736191475809655343053387000427653543,1431.479494392754837655247419718017336662,0.2480788507108692387289733415905394652024,696.034784058856381509424991081080404749,2540.672437101537698518588686133949666868,0.2201578533453634631773263919896094236095,1096.324020019774728186718417450331726375,37.43551508838726009066466516025101775508,0.7071067811865475244008443621048490392847,51.88297688937149931191636807244753566609,89.97177767213823132168581657801307837006,0.7071067811865475244008443621048490392843,124.694522050459607034078720485282595594,127.407292760525491412350481738264096125,0.5372759689160823307178888509834077942701,134.167638263177138767939187213332021086
1985,135.542271057384915657618449618371029295,0.4965392549287425449299451853733579847319,131.912034233079799118657530526036144168,382.387614930007895144868758912791199272,0.5054883081939002366696970345832484258838,378.853238348729745620704834712441760605,382.387614930007895144868758912791199272,0.5054883081939002366696970345832484258838,378.853238348729745620704834712441760605,0,0,0,63.15594387103483945933411200098788427084,0.7071067811865475244008443621048490392826,87.5296725195535905205922358672656830043,72.38632718635007619828433761738314502394,0.7071067811865475244008443621048490392852,100.322331124566308127243132300804472842,517.929885987392810802487208531162228568,0.3906241708440098408869023884082274405386,396.539227247549420979099821844123386201,0,0,0,0,0,0,0,0,0
1986,238.800600526260719876842742379722374628,0.3505128060854349255995225328115891419641,164.057230427279400975361239697623699048,820.34027838948314603435300166545341235,0.4119828589628449603943312913816134333497,662.413621098019796743647013788787974654,591.519996306889202785754748837402113808,0.5087104111607647613353800471656551864632,589.788265840939652643491722739825693639,37.76855469648196711218525516774909661858,0.5395830230647251643271200494966092658157,39.94337100302979984947394960527369216731,116.109147029545558167894043608938241363,0.4953604713453425803885124858253347589133,112.731128328120287261720752564134961974,313.743180882827137845361696431086335188,0.546748135999266359590532910338709666758,336.215458687126138808893311410200111436,1059.140878915743865911195744045175786984,0.3519539794123463153889811811482368014441,730.626940301664752572042028822259979382,64.14564850432552003552870652310167375178,0.5675730705991693442573506489205036094616,71.35839166686309768093309803702999251374,77.89966011383939406373965227419258997698,0.4953537558388919450339286045425197502727,75.63226286328839866528649418184684132933,142.045308618164914099268358797294263729,0.3672957492696128660301316099652661863274,102.258370595918868588887279240794634813
1987,215.797737831122562167473059245414892236,0.4302401304706661673632247955505268976933,181.975899884284095431650454070496738485,1342.21184266737145262143452945260978411,0.3221528287337477364326105377415945311683,847.498790075450169191032671521709470409,1056.720569886889700350698668816636690468,0.4007002548031373878169675400636618582662,829.919275154410774609768550181275952748,45.7169999458447192392417849146093795526,0.7071067811865475244008443621048490392853,63.36052932733518074367819528752376038097,60.24444520167529101728927682529104937694,0.7071067811865475244008443621048490392835,83.49454123261488738150703702925133832792,395.327565464084304181677858141487556948,0.3469128785684850410738157151466938757258,268.80267847672872982195948108614523699,1558.009580498494014788907588698024676352,0.2988495265559509738827407856537153569478,912.596433983157018315349185418385233081,33.39167989711507050284309674044354968358,0.7071067811865475244008443621048490392846,46.2785072493027444640815548648290605512,106.212049317653684048282375575906748058,0.4985199488871540629218409742078230878825,103.779697778191738228852362079833636964,139.603729214768754551125472316350297741,0.4111265674773225091221793335522460811227,112.493811918238912695390045435635707792
1988,253.896566495432656506831027975005743268,0.3872244109496380105539930019634814223135,192.697298870525836471453034950902112243,964.955064406783976449521382097733009906,0.303186394889087126262999512844662133332,573.420044526621027960410307159098940796,488.214258183140677616158699955626763336,0.403976681205483524626713330990138435832,386.565264446523605382151312713621375945,42.98456653722131052422785045489029984736,0.6037147628055321044398873185957488535704,50.86281808698166489262804636218933118478,33.8032209026907710614017271386722497417,0.7071067811865475244008443621048490392845,46.84887398342940537802283215074717745371,653.849585279163873754564132523549440246,0.2831348286325564586907157058461718028228,362.850076947788980177390767793226209678,1218.851630902216632956352410072738753174,0.2471171163935983119263622357354276263803,590.350236666772785640212298106726792245,76.37930735334747957892107247563669784188,0.5257599790806606585024126540294581449173,78.7080787511309904735834713211750579938,348.772192136579650564663914476395734792,0.3433338859981412523163797972523773776417,234.700811626510819158380570715555700194,425.151499489927130143584986952032432634,0.3021018577090238365503701147865821538056,251.740553295220808745315173574874115602
1989,232.208443598742188605156480964955142446,0.3677665961312342058315140341421326781478,167.38107743467254672520402426918687571,379.452262005888666526305571586364248728,0.4037598191791643748797326614838458753285,300.286850321460124009604220992185088245,272.89511491812897142322620017624753984,0.4961706196314939910920607826802742191699,265.388974996138190230459738208292847195,21.1695615866376578417749250382663731575,0.7071067811865475244008443621048490392844,29.33951548320916286677006745076035287053,0,0,0,317.596029099864225866460927336805478178,0.448398384297678199564297147462276540552,279.122710763165514953133582096290841406,611.660705604630855131462052551319391176,0.3144861012339697872240905833370911983063,377.023229543893887423754192694817170124,53.41418669397606795161370044820356447722,0.5358979111031104138173962032230435672597,56.10412010224372678627874859817644214019,358.045936717795371857707246692153762418,0.3107609388546960744648398274082828983453,218.082715237161127777038293675411482112,411.460123411771439809320947140357326894,0.2754529411218034864572389942041203219133,222.142286250300842382524582905640730725
1990,128.967662228870453549461575094964531111,0.5024417798365537539063298934726598302547,127.005533833200989311546477090769697174,1305.077467892336465661778403354042996368,0.2815663837226378283476722155710470917016,720.233248500190632186031661748838840878,933.587747592176518754746568618673098888,0.3437625615769345257639953953691359968006,629.027730515489288612035802254145018557,0,0,0,53.66895391492469727723113376897855671918,0.7071067811865475244008443621048490392849,74.38137525476585963666457310097503597934,446.78842861410570317926227606135587188,0.3062068949939722187506852492450088176313,268.147006992516182613409138205905157637,1434.045130121206919211239978449007527476,0.2622596541396937712140600684262539905715,737.140672498747758944567874711793119845,0,0,0,381.9598072138983613167592668325045487,0.3125579560519773599049669031783825586003,233.993770208095442388460454996790592983,381.9598072138983613167592668325045487,0.3125579560519773599049669031783825586003,233.993770208095442388460454996790592983
1991,288.266549983412755746349476693492023816,0.435310477555985797142708917702398426481,245.951481091923878492910967025376745039,992.861452498873417138085934103285276338,0.3415632961751205193606315779006817982432,664.685059507036785564073690688646609842,427.553207023096945909290256400255213842,0.5255928899088993802286951898180837317221,440.449094311411418475023862132360432569,0,0,0,59.88548252826778671694893254270281362848,0.7071067811865475244008443621048490392862,82.99704434911866278184479533225452497243,793.689312930921440258196221853819272682,0.2979299498249830689268220281748577087795,463.469081669144032335594522510407544233,1281.128002482286172884435410796777300144,0.2856801624344572539194196378585195605206,717.345997463003688960313543063418294363,0,0,0,397.17551393383690721612373234774081404,0.3145927854075983185509007971063480918082,244.899160399314654850820361267567017514,397.17551393383690721612373234774081404,0.3145927854075983185509007971063480918082,244.899160399314654850820361267567017514
1992,251.987887554279412719109251423814138814,0.3749064578523980468929551269917110802213,185.164897235579215084922250152113435074,719.206950421003424191548572912062698162,0.3112515034684911536744554777057303481994,438.754319462110749263130146290688917594,515.699582135993090672003556730269907254,0.401332829354477857253140158937597462685,405.655657895297703224880360667403316925,50.39309544818027468015533553141779580782,0.4934978643519592484520189538035841332429,48.74301456425235231569656288240982976648,112.707617070187974697150960658467421287,0.498970638470973908973739319053232911001,110.226071634105313734565019289343001405,292.394543320921496861347971415721712628,0.399406090735062188038098426980358427395,228.896956540143164362742143251384640759,971.194837975282836910657824335876836978,0.255148106207391498570720298638086335075,485.685106388864173267649953654824306833,0,0,0,0,0,0,0,0,0
1993,91.30172261466781446050679325608165217528,0.4962463833460286092927427395612730787761,88.80397329595077899885663725036052614862,661.20995546075850850933704333627627982,0.3740454833509376280706781468499264401464,484.752290878071860284189756873674211789,474.320926086560488039371342591942300394,0.4104324578213570297166999717821492687395,381.566338840026115825378012744171896233,0,0,0,91.30172261466781446050679325608165217528,0.4962463833460286092927427395612730787761,88.80397329595077899885663725036052614862,186.889029374198020469965700744333979423,0.4954267556121185965132311256788007623694,181.476057945419438491301087842924119427,752.511678075426322969843836592357931992,0.3311648501083826460264851113732422855019,488.442617466325865385290067997754256476,17.29300154194484598397752809354482578602,0.7071067811865475244008443621048490392854,23.96687736846210137474660869073410749568,62.71236466628911118892267819349766670624,0.7071067811865475244008443621048490392842,86.91490310676227125170005458874506649941,80.00536620823395717290020628704249249226,0.5722188302278463952751756157170817029461,89.72993104470716704060849158301112139623
1994,238.500314252314105800875904517793550508,0.3461911194582692471134216482841031620884,161.830713933028951027807662289672893614,1348.261212481701281274553209255053663624,0.3172619240568460008021450974036978187233,838.393814950194817663065038669227231465,1222.471307314548267643944953517085388204,0.3450316113765391234840881164424364303037,826.710840247672976243708975255527339284,0,0,0,169.278800496254715158570658418039341532,0.4023311057441104831992717741845751446219,133.488008886081882369983643595956175093,195.011418923212404272913501837722484396,0.5165231301749073606744534588553922019917,197.42670070325295325841541683440865163,1586.761526734015387075429113772847214122,0.2888023229153671993552992843225064997142,898.190413073695622887039780469111664379,25.19067732676624940820052224455096621112,0.7071067811865475244008443621048490392856,34.9124975704597074534585180485419525316,166.588086369331099846045782520801197618,0.517695359289798214973820358535793151519,169.034083283686768765184555108368841503,191.778763696097349254246304765352163829,0.4568797278440382585013563053420974986937,171.734865552928599975789657737963178657
1995,466.445219857316128488964164196977559804,0.3195187854999226786617665063694172952826,292.114499896065970331657840272199559858,628.889167918641054194158369386815727854,0.514337488982927443985555285620808138813,633.984099932639443098320901583521413625,628.889167918641054194158369386815727854,0.514337488982927443985555285620808138813,633.984099932639443098320901583521413625,194.555746521065284568387920751516039619,0.5407188557812302737448661251957422945658,206.191922863285646604098746398392153474,271.889473336250843920576243445461520186,0.3530690215238999400590701648460191531073,188.151670614417993391750632828153154356,0,0,0,1095.334387775957182683122533583793287654,0.3181087430240490417442273357199553546522,682.933472761395052944495878913277212145,204.992149809935497259774402640206391268,0.4831810001631194683361908039598891294393,194.134691462675201823466441010211515401,316.346590961223113514001683166486247336,0.4270422920299141302768441743063907244352,264.783011628663651919968232961786573859,521.338740771158610773776085806692638604,0.3976365857614715748891506089974232095546,406.314579534639680595651848217451533616
1996,465.862468840996152150785187941099405378,0.3080354137869523326392087169081790012927,281.264191180204977701214704936938686538,1140.24687812065777824425448447758366744,0.3070148573966087807773708456473398479531,686.14255605895851727446051325403260952,957.33285852982486244265178393514645896,0.3581205576187883007518073434622498903388,671.967531162039329122545011596742336324,246.966328012569063807406283819158543816,0.3327146092540803543122775222022754845981,161.051838434289232338633343164223318662,148.776848019505494887272507059668050096,0.4015090520908654002174821591054085163091,117.081092393901657334760331168899751948,253.033312399754509257709097604710019938,0.4044795976162414352781531466043773649369,200.599752270596540083405900053004758658,1606.109346961653930395039672418683072822,0.2389997595145976393874787039452635965079,752.365105448846190294880747118877122931,78.30608304543629120370155190666406678562,0.4957471179496074696860513834527582320237,76.08722937588741899629173559855593487918,170.46997815903043704417928542377401406,0.5425775307582787162810049672369149538397,181.286632443171098341098429521397480049,248.776061204466728247880837330438080846,0.3982279368661187634617194672451570600897,194.176372086462784413027841006420006218
1997,22.69893907879897178740368704368902320256,0.7071067811865475244008443621048490392852,31.45912454678379126961768192518959989987,895.646922894656203444483279219422811624,0.2898914202864782633416048563523261840297,508.895102764165713642229315981436024455,694.34875126580741584644770876194521787,0.3528497325900888514484106422068389918367,480.201511568468438584855776916250974824,22.69893907879897178740368704368902320256,0.7071067811865475244008443621048490392852,31.45912454678379126961768192518959989987,0,0,0,201.29817162884878759803557045747759375,0.4961813056682314273587189053480690884232,195.765563669762665995401924359663160804,918.345861973455175231886966263111834824,0.2922019606613270663738209941315279684722,525.951224410365688181073985275747750887,99.00715966315931272154182113910858950002,0.526270774240637558336905454556614666528,102.124966159742653022957797890661042398,276.284285876805623583760545449977767018,0.3579008056627281794034758950502393999493,193.80944227423008076071629614450828849,375.291445539964936305302366589086356518,0.2917221513269934080489574430247565742509,214.582422620370082685695541009970488096
1998,376.035194551905463101047937881788481218,0.3180969083076407887684226105946888032088,234.446640291573740867678304484164738011,680.685083042345160453702202227352537452,0.3514484267789165447903708338305141712585,468.882375071532407089167990301204879895,680.685083042345160453702202227352537452,0.3514484267789165447903708338305141712585,468.882375071532407089167990301204879895,23.83156385752669563769677884337940694206,0.7071067811865475244008443621048490392846,33.02886240347723268375507664352998451108,146.88828816391443567322704031191397411,0.4022424409694713160258407189742604960947,115.806019018524887399290878494929927521,205.315342530464331790124118726495100166,0.5165282423917316917748679494295257977181,207.860299106101514471303515769138437265,1056.720277594250623554750140109141018676,0.2706915460692226679086195755065412798015,560.648681581184283345432448984927552949,135.997873983944653544356303303394243474,0.4546828570045971540777878775291739565602,121.198367703559415553382591623815727687,424.445689911337127944542463052975211936,0.2834021001419963821966095589535799431793,235.766047837499356216659506007515416524,560.44356389528178148889876635636945541,0.2436264817293575313870963315199683625253,267.616231612152978857120896340357166715
1999,124.321837906596882718454165003097704631,0.5030080680055838076910660591878316017122,122.568379492749277264776980551615796738,962.802168655674326368847050478004004246,0.27536523816421657533498507146339843959,519.639607014712192553846427036690438283,560.778579566618661209944457718142571636,0.41906082990032913772494212396483374924,460.600660409289344903108546779321111084,0,0,0,51.3887962333358233436798337127354379662,0.7071067811865475244008443621048490392849,71.22123793546672444537258103348094783841,474.956630762316724533676924050223699278,0.3076863172606728989752759519923627903138,286.429806892477136087722313448383126566,1087.124006562271209087301215481101708882,0.2631778887367671962819652928332833808932,560.769721650543407888347327415611826465,162.320632063486292119803396033660143448,0.4212571948695680954121101638106489959575,134.022318899738235964961198950682633201,672.524335473942376838158901630299622492,0.258927918639023838802241904580234761739,341.305239779986629841156182804572924341,834.84496753742866895796229766395976594,0.2316875622900539299615444317048823787122,379.109463020977469373144088785487071517
2000,155.127827021048493141905316956414594356,0.3971075268256124125489993949504645494925,120.740758351113554053565715750027109027,1597.474494787328150990613628491066640338,0.2513096570983621752445062506488957660907,786.863104316430271882519336395199506274,1389.598129654581109632947020591336479282,0.2587305676545663542546937136133681234198,704.681765278616793849925302283563461385,41.45663914737677433755305785994508843816,0.5942066899440739016089510790269728817009,48.28227215497858767686884490891903986853,46.55846917414542355490805656677379913786,0.7071067811865475244008443621048490392845,64.52674617841800943864003352990320490941,274.989083832273336607110810429425867838,0.5007566748821979590962621319252807396388,269.897133727552309720529782040507810706,1752.60232180837664413251894544748123469,0.2328084422752799815100721995240302620346,799.720408277764362670735425011412296128,62.235425358456633695536000410894046006,0.5076783108144113301490583239005519199862,61.9273282128433813607672715097020415947,619.081395512004507755792091515584055182,0.3109965177466266722552877865274973860624,377.363030083672810941811279391509394368,681.316820870461141451328091926478101186,0.2994513256190798999255419277871901379038,399.881601345424111243344715805309570609
2001,37.66297643850415334717424851735062081018,0.7071067811865475244008443621048490392855,52.1982222370974846354572347765316243292,851.593960180903425226139887501078209558,0.3333632821648948888453674574594828284633,556.424708969905271089134114630429291463,640.052576802715581719229795321144193102,0.4196353430629514253236947583919926623749,526.433817984069892177735034449303305432,37.66297643850415334717424851735062081018,0.7071067811865475244008443621048490392855,52.1982222370974846354572347765316243292,0,0,0,211.541383378187843506910092179934016456,0.4959832580934959064613719773676474969866,205.645129717057056057111877189516556513,889.256936619407578573314136018428830364,0.3194503318283549044024696013683388372761,556.783910028122788774641843494587473358,67.4158082198546489121584370609463826028,0.5825934173978068446710340893797631953029,76.98097195098294311983701005984974471013,712.60166178427875010676748362855655661,0.2611083381767880983037823906683374625067,364.689821953400837943944160568013340216,780.017470004133399018925920689502939214,0.2407228140985317950964472223281122305022,368.025280833807725739861567861608319206
2002,303.259725930399449899091913776732137612,0.3684133806991400604655862973798581747332,218.980884085429733253994553661798112083,1463.072545472478291197373750250080004718,0.2735946673947196006915149947442362251002,784.566139047661394685919514427233275338,1463.072545472478291197373750250080004718,0.2735946673947196006915149947442362251002,784.566139047661394685919514427233275338,0,0,0,160.953096500042517898832486709864362375,0.4033923901031735277024627606777041013142,127.25741841165141490844934295424022364,142.306629430356932000259427066867775236,0.4991771763331716379539117958585728362863,139.230994046971725821574766042189369716,1766.332271402877741096465664026812142338,0.2439029476711493027154158669512301218908,844.394749221203220193821790407080327371,38.14031106149653387228758989109277716186,0.7071067811865475244008443621048490392837,52.85977427277103592628248069782357511084,457.594126387831861211569428743579658234,0.2860095249557462356508595788486939763981,256.517506273018047785807254030313950816,495.7344374493283950838570186346724354,0.2671011978549776601301346046588314017888,259.526073638931056676711280180010434695
2003,216.265908756561696956073836334488506492,0.4943069406440470416141798297296165410389,209.527409857198846717250568185872053015,1822.819012871788495993705909461819464414,0.2250292960470498801486518143723379127532,803.967851403925162421221281034009199263,1703.33344461664625056680276698070271019,0.2383912052273211533727217923321696857255,795.877037021686900442280847105095383021,72.4044557747126316822033268975268087234,0.4927396426298549260739811604978271610881,69.92602949995243433765536853798190819653,63.96170026401470902030127283272551712038,0.7071067811865475244008443621048490392855,88.64639390609612823052664082780940131757,199.385320972976601680472379085352934873,0.5053783934231032489823409607577127166392,197.499465043526469434385776431757465588,2039.084921628350192949779745796307970904,0.206770212811141127720069400955734806987,826.379165442762675008029297250061848164,46.7514715812191845941133428968615159944,0.5191835221052713988276439423016981648511,47.57428361111808111940555668635275531892,600.113274564218502049954610851922281676,0.2988160059850306294739876892232171143085,351.473965614000576845506210853488107395,646.864746145437686644067953748783797668,0.2775192350307220368642493118608403210391,351.854122656503173505193936145672824823
2004,757.165962188281494453106432226689472202,0.2019437597570286812958320205188418328428,299.693684682125570010265723550836094556,801.191995782654369113102677346366907204,0.3583576554367436248763146607376399039512,562.742038920180515467727510099732554772,801.191995782654369113102677346366907204,0.3583576554367436248763146607376399039512,562.742038920180515467727510099732554772,51.98850500719640198637495039896894820328,0.5204552623608004994726503271046033888311,53.03307438600173995522952154769743456317,490.43021419600300550789401035349986472,0.2284052134887330764202221498039653771078,219.552962838535788847219048309529975244,214.747242985082086958837471474220659278,0.4030791559273837947387526588459938572678,169.657869382712969519342466020149709409,1558.35795797093586356620910957305637941,0.2343539225319684099755546228124765357962,715.806308312418485955027924317053132313,183.04031221632983032092665532081738027,0.3130245117822970368028317854389464181014,112.30036456127189581791323265925120478,370.951936203322201137908444690387091892,0.3555410688209416346310053183783099072581,258.501749842696781657270044204232481171,553.99224841965203145883510001120447216,0.27882123338873689402454854672798035353,302.751011904647137341012116984491080133
2005,520.168036366711551748721867680729521198,0.3115323078960877810320827159354477866975,317.616331771671627615323276815397945992,1813.419770788399036223345603923089927472,0.2109019299746919711569654971588987887346,749.60930984653232103256329109805379178,1295.95295114111749566205162463653374521,0.2683654537986824786504903624706157625842,681.666443596066446607500043495795772439,165.526041753273609342329129299061806921,0.3229120054858647515543749399804996095461,104.762678361265668690761146999572995258,112.873470247378490057930041457404866017,0.4976282953456585398434457370436760240028,110.091303874345655674348339336564602337,759.235344013340992909756676210819030528,0.3298960368143017926254331823774646042037,490.918712758714683610492351918556787739,2333.58780715511058797206747160381944867,0.2060196167589251414823798604351647521345,942.299136778656929257445326331701264572,41.9854618034247605949229075280994588833,0.5316704331710880126208135429176694669894,43.75196018127342463198447963524447219841,475.328602995121947702798685266389047048,0.3839212801764038246523778718218303417804,357.677980902043717488199006050228859762,517.314064798546708297721592794488505934,0.3630891101473161544796124055173079894564,368.148962770614929695433022993070765072
2006,503.551522147687558581434763534368319296,0.2707743615174066596367422116266063519501,267.243730125290380370661393453870331025,2429.97774916473420667584849046274995179,0.1976952215912486802901736666549798445387,941.574179582534630177427504663370799284,1854.531773896309567070632780990499743492,0.2295708329956087887518458736486458759603,834.46295213439161221925640208154001364,137.717885579369246639912556101859644458,0.3270445275305299722811612230240045859029,88.2781664107444683996893035191657535446,147.098468956422203934345011727330864876,0.4032299868318851796495230012816495618142,116.256446852565648505975576661659365585,794.181142880320747612392905177428018258,0.2895734110807826092019369820554238114963,450.748535417382182379637120849053979338,2933.529271312421765257283253997118271064,0.1799520402492982854297277200549137002647,1034.673371907266879525326892844129602091,99.96563193771267263918489542653688420732,0.4953903259038336408163705052164724228116,97.06313369022007698318834924202805653791,1582.442192935088330535665738205646118836,0.1783947241243426364640279271398343948182,553.306703364694739247475476401103613179,1682.407824872801003174850633632183003044,0.1672918995872880746116293158172642486464,551.648273770837196284572175686777361843
2007,359.028562069590224605099657058934387816,0.337492401374977486255721226806476728741,237.492046687139476906452348500238019408,3151.047434058964698055486167934303268558,0.1798307061885165647011701269174983690142,1110.643967188659941328870551287929408571,2552.159372244581191905175733860657922644,0.1836609812279298985189433952408332929651,918.7149053307348655042897521720413174,176.308497464879599782620935952875099747,0.3481036333681889728819079823264182418745,120.292311979973017440371196350848510422,40.3264449791561120831726455855470893488,0.7071067811865475244008443621048490392853,55.88960130357867842109745839413871023892,741.281681439938018889616509594157544622,0.2749555443876086567674548167072935440139,399.48623619916491395308974103862687214,3510.075996128554922660585824993237656366,0.1734058064182142867586155409414183305219,1192.98841504786219533058753786568341858,89.04606803664211200563229481738061309634,0.4079488934652950920988488552203458366431,71.19944004904772165773773611166707946736,1527.272660375354034703822243227363178666,0.2190237419626362736730701382220764199483,655.637587222375512391653881336009752673,1616.318728411996146709454538044743791768,0.2089904020935243500738935015234670918697,662.078397885749427624097454567022930917
2008,477.820394666857085602361677126996717812,0.2681184511428869606687961503327350939944,251.10042971941894606839929498447593364,3757.320244306090050548403833983529593874,0.1519292900574277539528493716317969461063,1118.860114582217522473188144120847551094,2687.48434284564660103502840852241336983,0.2079680794978262686054798192383721117094,1095.465476625690166150679800710923106207,65.77197632536222909963403809194788203908,0.5242167623441980235137095852644457578897,67.57839406523083572020531867612941913579,162.656201416339295870563564997839754438,0.4030975315913753386705404856143660244405,128.50997404635364126938177479711911848,1319.22811838559901014553949949832530538,0.2219579767718513283103701135922581704289,573.913879952511681945251523270903188112,4235.140638972947136150765511110526311696,0.1408146892677676563290371739504286856994,1168.885225641250206483829115026529724219,166.520583609480932601144118913762708412,0.3318331303481787010062847840922562930094,108.303811192017765023335837630066856035,2148.61706085072822089400023427995305784,0.157122701237820364452901964634149976536,661.689172392004029995465022546319459599,2315.13764446020915349514435319371576625,0.1496106640986988171037096890078717422043,678.88378971647475354860472241029547921
2009,1176.19223041954594375958411952101460781,0.2251163720904325325015148812595090117974,518.969050474284435189760232515134864849,2912.373983537519173033231683157235640724,0.2003311945426273554788825548820399193723,1143.541143790805051064841038961569190374,2402.907842660876684284426994466605755902,0.2362124485466822949958028685914164574329,1112.48962048802531144001019103141432242,281.195402673481894173960930231335123858,0.2976439559122380267377272630020861150715,164.044379590696933176197621530787676166,597.214917684604989422398996554949566352,0.3601744331492683156415222092629449219726,421.599027112865497876591560279138132915,807.248050938101548912028881425359802434,0.2711444391932122905974051111026967167306,429.006407320393417885376003304384344328,4088.566213957065116792815802678250248538,0.161012366905666313575072532009325935085,1290.287057785141296639009506181655884074,187.696673714621104622655723445112808547,0.331413106035218005576356687187953371126,121.922069751353223179473221180583177567,2270.908415182631557637887231576953649112,0.1669972954895155214612095412102937691887,743.301704734167383585639621844096383927,2458.605088897252662260542955022066457666,0.1605323855123227908143492816173544327337,773.584050308688324529993044420151789415
2010,1260.060421663984435817210193136649320366,0.2250361929634583387141959264788200418029,555.776032382578439778151496406471219391,4310.164288896502570995562242718363854478,0.1723571890734556370144224308880892718034,1456.060090506822278749720390868939426742,3778.09120561453235748107882096036112674,0.1935953844030425154093489162613911054973,1433.585197750971472140239198700639898408,178.558189638210137309832682165009772552,0.3108016626622309069552651766958748393909,108.772517154166736849110823622911338903,704.975788151426902233607060298154999922,0.2442838898495618159227536538450116337173,337.539886447606742867084113456679305261,908.59952715631760978825387243148727563,0.2562128700278825506426638355836744980804,456.277989415046405699841112987882455491,5570.224710560487006812772435855013174848,0.1420225844822423017708808810963194562804,1550.551510699674860063098923056054777601,52.2126997451654541926366228191861597667,0.5004835423324127059646348382609740548018,51.21792996947017464882279253279590065457,2192.183861863368592236655625724358008786,0.2099662541466786326183187683499973431846,902.157882397452929100926794824753200212,2244.396561608534046429292248543544168554,0.2043851117509514697184854152409964898946,899.093634433310473747636825390535837051
2011,737.174982291569207106521343298576642294,0.2225726857963586714929922699505920633574,321.587030792614693655423237367330435068,4093.673467009073246517706501833165214552,0.158601206805715528688763832784961946726,1272.552642186905962717230668503054381275,2957.307346739956774545616206006922373454,0.1772285275594066050915520381602584422948,1027.273684142542586327050605041052375966,304.936885589777985657236597045719331038,0.2908596969276775683312627705803372846355,173.839946244436919703012246696337638752,198.489938345375015108729559722882481707,0.3442036552972692228864185129575809099253,133.909086143687057246863074140316257117,1370.11427862553267831264548235621767067,0.1803367750349457598796366847686265528897,484.280701255852973686947875026051587489,4830.848449300642453624227845131741856834,0.1373441012841800858482748697078525191558,1300.437535870172617373123099600695132784,34.80050044982867372007846688334102360658,0.7071067811865475244008443621048490392841,48.23103291924833125775877941161113644876,1807.028393729154995293521311902108091422,0.1803595161777684015290175414133051249581,638.792942952461543057367548500566209203,1841.828894178983669013599778785449115024,0.1827291386801214798237206348284102372418,659.649382561793141426218265898535889592
2012,714.005486447997266157571399710584419008,0.2249644977374321516910712812535995871123,314.826735855467462705016071982028435228,4667.094977820490617716844690921397315582,0.1461633141209532697605444529756820415893,1337.02981577997961513793812523670967775,3742.800665803221212069516665490804455304,0.1550723743386524822928852191491710426853,1137.593772407893938152823493990183548458,56.2570009585895870213804164010952249623,0.5021931539548079389241106293378490519916,55.37368625712820621813279654485076639774,331.079498917592319283995318283624193526,0.3694033017115165364178627789340955346654,239.711645657140013406538899451548211942,1250.963298589084765499523690456457860788,0.1988839941336378574263067270514794991727,487.641291582456083902598749271025050266,5381.100464268487883874416090631981734568,0.1416823922023083191314841119186055514086,1494.318085458682115883738044404466230526,70.9581188245586791933631434856330971132,0.5617678330753689240090807269225038143094,78.12949775630667197633403825432956737045,1427.834558415708935232782484403879925528,0.1955345550037905241795273952121075720916,547.214350197744810433478800113370026406,1498.79267724026761442614562788951302264,0.1871436169731231104347945655089062642752,549.759386114685773322916213361512382734
2013,543.407195402372207480657884929290294998,0.2004178112940091676919781232209847468364,213.460622258160422566445909728057387086,4424.160992193943702774480533740197993428,0.1871002224358920166334242355157757896144,1622.412551234099837660194743272234776032,3712.609637991025297607874145169486693898,0.2055643110141609665772986387267317557104,1495.832882904391013749581396833735246005,245.295978381694548025401029439821589664,0.2713493804528462749644434752291373288805,130.459387052437274498764377626116278292,144.684581892198117741785602821298685512,0.4008801101570046978044401974785026262169,113.682295408850515332569967256788984849,864.977989331397946880077641238881319366,0.2693866612931293470366908163781901284045,456.706523970537523228759681934343604049,4967.568187596315910255138418669488288426,0.1736863944206694622854721375445838157856,1691.086054783150797900020327621649810127,203.852367922252946425037072055768540454,0.2754478614220259886985567452327474093127,110.055369628401147608723431300792026684,1468.557656169687360397055402451828960062,0.2741209806977572736117429575920658659938,789.022431244051682399082335819955103202,1672.410024091940306822092474507597500516,0.2439544279013946045435737464850716033424,799.663988062057455733299833528837047321
2014,9235.346160651972959412186781717651649456,0.6798337227204149446782974352280131360671,12305.8595315751353494210567948944630715,2270.82967200796942409673886586006974035,0.3115461532479375877039955404732601218743,1386.637768030903033151220645523055426508,2270.82967200796942409673886586006974035,0.3115461532479375877039955404732601218743,1386.637768030903033151220645523055426508,5433.01936970518841384339852292529847484,0.6828256520922408848851989010682152799056,7271.217788139492847821973329212788932903,3085.928071651666256406344774944433630254,0.685010255650045326338224997613686594512,4143.229059468328215983048670017244352278,716.398719295118289162443483847919544386,0.6391623660924806775564835089847166978329,897.474396960969765947420257167702218282,11506.1758326599423835089256475777213898,0.5467520957587022005543883211151049166242,12330.4104713229095361365316515716183196,4377.396653454859378402619616783583660366,0.6952819464783370695555295216021570250199,5965.308736814832544965089813916633040883,1772.9294045869260139687457199599965249,0.4346273112192659306732222851359555483987,1510.304538590491880838842804537773010655,6150.32605804178539237136533674358018526,0.6167544036580129430799193816625955605262,7434.751733250601744195460263851884999166
2015,707.795815258674138276534266541715295988,0.2364004614023376043455337878856754212154,327.953584319356775500066040071340017702,2751.564192916294298255726491162431375684,0.1906974144200298479277479024985518298494,1028.443707311752120082583308493914391104,2031.993064110752034386409668489732255894,0.2020098778200616954015384491199342884122,804.546034399962587683748275975373787,0,0,0,350.321182457419691682290328644171138544,0.2826170811083922790552770622269926555079,194.053230071650683989213551889239144744,1077.045761606796710463560760570243277224,0.2250001299873745365495020539284032350587,474.977455273204931006778663269657539002,3459.360008174968436532260757704146671654,0.1775460784179048486275020340363939567784,1203.82377444290593231919883488402382171,0,0,0,637.547521352627750196795828508515548548,0.2087253409432915912152068833961549001854,260.821754573280297772773483881614465708,637.547521352627750196795828508515548548,0.2087253409432915912152068833961549001854,260.821754573280297772773483881614465708
2016,78.0241160545530373146538322911039736341,0.53098801156579888266192692941255662805,81.20254566645303522565218758270167244311,1444.159692172698192511116310764067817192,0.244660590686568134046925706717413725544,692.524768132101303713290819547565344512,899.82622292585709936969491721079119887,0.3067939806867248750370588148030933499216,541.080086961139030044595596870733091569,24.22595374114837345353030322478265706272,0.707106781186547524400844362104849039285,33.57545889531214557383364676443656044865,53.79816231340466386112352906632131657142,0.7071067811865475244008443621048490392847,74.56044895887867805980880230785335216828,544.333469246841093141421393553276618322,0.3584575560025406409302598450854144851115,382.436072271749278724661430931727351058,1522.183808227251229825770143055171790832,0.2317753419764315037952121177467768979751,691.497158497601649042966080698431022629,46.06673359461440292064996256413365215308,0.5060185623216909689990886238900169011721,45.68881971663012162697773017704818628755,903.713003943254062639812444301397675606,0.3306317877425938202981879188372768788866,585.640642355976145578887705633600842845,949.779737537868465560462406865531327758,0.3187512970520112836929965310947809510922,593.37730557767226983996861150984926223
2017,156.46472090293506069165326809978939597,0.4080030787707123498193270567742054779727,125.122652180899563946185702232788688304,4786.688822912992223536294642621886971358,0.1950193634676672631356788615091404569658,1829.654134430086849937655476042705188049,4276.770228737163481253076093703348172488,0.2046951289190043494959442355246236918171,1715.850705323494262346233477583035534615,0,0,0,92.1553209555745724353539390043626336016,0.4992989389869657314071563824323186738511,90.18558579123847897564214986326206221967,574.22799412318923053951787801396556123,0.4212044689798184822699817860772039571894,474.060098782488326063234695315687089376,4943.153543815927284227947910721676367322,0.1892684950969793677564988926421208132171,1833.743135251828398254939964695736846272,37.56811265389554276148672636946037792964,0.7071067811865475244008443621048490392836,52.06674773934137821806519779407007287737,808.062791154870424786641959303643703358,0.2391560532697771256468039122453825449168,378.776091536447600130270363204553160878,845.630903808765967548128685673104081282,0.2289699269820452659993079340529207687101,379.503130745754011713499236675455912318
2018,20.4308981988139900440269683841826476626,0.707106781186547524400844362104849039283,28.31578025774224831622186053961610664793,1837.752468438072398685186077289392887522,0.2492373360896174885903701690578037420228,897.751598066223052731374526037625194031,1645.406598132775246187352366329374944568,0.2698584527133833548952416648392460390877,870.292682166744895183816844668340038788,20.4308981988139900440269683841826476626,0.707106781186547524400844362104849039283,28.31578025774224831622186053961610664793,0,0,0,192.345870305297152497833710960017942952,0.7071067811865475244008443621048490392813,266.577775683163453263361205981986812482,1858.183366636886388729213045673575535174,0.2462109208896527413673771064035029508997,896.709874247745938400679656156335074662,103.808593647521763780057936617478635211,0.707106781186547524400844362104849039286,143.871370606658742374057623138984265447,1631.88362225571216999907240263858153722,0.259397803517821990340901376143882597563,829.681773331284178103417083882221017943,1735.692215903233933779130339256060172426,0.2642740816033924668942755840514480698635,899.048993955809307773055338821824604644
2019,163.364872557206326246775618220397267691,0.4497032110232189729149047986160397976457,143.992787204454276081528794777892516454,996.60588281103843279292410224392592464,0.2838351534003005462563289415665981458232,554.428695909533564186291342485494309778,679.601334657985718574765376436243793074,0.3517363238832611183722632754209369328224,468.519331311165276505180172410715959536,16.56116391400941793618849373372399219836,0.7071067811865475244008443621048490392859,22.95260216355848872179804988451691990367,0,0,0,463.808256796249622528745850294355407056,0.3815011358620009172238365236661831904836,346.809018508289921524292233421190131745,1159.970755368244759039699720464323192324,0.2644013028742867949860278356594597992364,601.12764687025165475706676466740979486,84.61372087594781081254425654094274476994,0.4258584145865632495035987375893604544878,70.62559144802220407681762714065448425508,1072.525150997003599650230833735044575466,0.3382596580888264738676445709403637955502,711.072302101110310922170462881096354835,1157.13887187295141046277509027598732023,0.3337198471077344915892517215578801407657,756.874006511561123747029854596708158189
2021,2342.493169635700983978454437947440125088,0.1866419430751434400950526541507298245288,856.926654569275304805388199842203039129,2386.701231231380888656091060477464678644,0.2005366824766705877531295870916310908933,938.097448069287305688109255758833389959,1774.505510431879382746189346758702324956,0.2162140280775850778874388232125174674208,751.99904914244170601681793298290572657,228.716386789012373063204160300761983352,0.2535037295924923904689376047596583941479,113.641695857070035431534917598120057653,1040.038429354997229336048078608548950312,0.2232981653491724399371045201833060199993,455.187799408507310958241514166038215533,1685.934074291192887489103912756891545132,0.2172510901602188397040192082207046439993,717.891190532921225479013271941185261686,4729.19440086708187263454549842490480374,0.1410414876508661167670654650084565688387,1307.344722829341835120213346455144515725,128.635653452915915521710715603692863731,0.6802948634291791937970100143128180143677,171.519941623834325255958138438020483986,4053.995744677386889088383033192894105256,0.2816996375101312166686731237105965650119,2238.337898216739326718645095370674893627,4182.631398130302804610093748796586968988,0.2919555113801911850391675667082237767709,2393.438885961714111974051829239715088205
2022,846.00672866726438012136986795638833322,0.2108148989222046329165307995965989951208,349.567613063328908144065698361510710713,4669.17151646839655788827260843323938514,0.2149935923305425013382169384356285986057,1967.530236764655230875251885842580278787,3507.65859686716784859694039563697707604,0.2502685973289929121227243336666114772354,1720.599322015981838321106630762042173736,154.966688779580836478978162887283888379,0.3596959831421640032824296169525416794765,109.252155130719884948887940604727366926,106.316749913795874976467073621851711424,0.4981194869208775299442904363339733234065,103.798552039584293144857709092427340846,1746.23620957511637795725684424351504252,0.2178504623651599554418586363158738827334,745.619996683257987717482685999456008649,5515.178245135660938009642476389627718378,0.1894877880530580022110284004783813060337,2048.31549572264088154870877824193771321,29.92053157392865945029305666360120044884,0.7071067811865475244008443621048490392846,41.46774111435707164277466139667166991342,3099.814361949714116771725726599407785048,0.2526329826243415705628967209277499246247,1534.906081768608093978864976433590719612,3129.7348935236427762220187832630089855,0.2518583072607663931049577458045616748017,1544.969475617326442755855753952094972132
2023,447.730477077104407772047803500098626518,0.3027559731240713996286340412898954395938,265.684029518175636372136278256078784692,3661.622251290029829000649734905025565656,0.1814971771821947562535200829082276539427,1302.565240932640655720299685220261714611,2851.096036483020489102099124742818773,0.2098838396341220639472012504225848210389,1172.862007273259271400020183219220758501,54.98373322517362778361573849260167397946,0.4028128928057161546959242189184999561717,43.41038700987231829673992844195369266495,190.011976956537968857074777891333106567,0.4232029474839157331537574765083512164251,157.610712262295379170267372046851362926,1013.260981702402151029907897278370638644,0.232648153299376791958873462293085404703,462.037260558619857310218155170052439362,4109.352728367134236772697538405124192182,0.1717835425432326111822440230966347150653,1383.601571707665032624793899079905838315,113.12325436895551079551328025905264063,0.3385006072520624346487073456006801883427,75.05288898451309193292447902493387604753,2565.983777535224962121748053685691159026,0.1645417194578765192565364684002238416146,827.534310399059908937748270321917488546,2679.107031904180472917261333944743799658,0.1582370571798531571976868575487124378792,830.910664692802225091981476709695710742
